0	World/hcal_top/hcal_top_layer1_strip0
0	World/hcal_top/hcal_top_layer1_strip1
0	World/hcal_top/hcal_top_layer1_strip2
0	World/hcal_top/hcal_top_layer1_strip3
0	World/hcal_top/hcal_top_layer1_strip4
0	World/hcal_top/hcal_top_layer1_strip5
0	World/hcal_top/hcal_top_layer1_strip6
0	World/hcal_top/hcal_top_layer1_strip7
0	World/hcal_top/hcal_top_layer1_strip8
0	World/hcal_top/hcal_top_layer1_strip9
0	World/hcal_top/hcal_top_layer1_strip10
0	World/hcal_top/hcal_top_layer1_strip11
1	World/hcal_top/hcal_top_layer2_strip0
1	World/hcal_top/hcal_top_layer2_strip1
1	World/hcal_top/hcal_top_layer2_strip2
1	World/hcal_top/hcal_top_layer2_strip3
1	World/hcal_top/hcal_top_layer2_strip4
1	World/hcal_top/hcal_top_layer2_strip5
1	World/hcal_top/hcal_top_layer2_strip6
1	World/hcal_top/hcal_top_layer2_strip7
1	World/hcal_top/hcal_top_layer2_strip8
1	World/hcal_top/hcal_top_layer2_strip9
1	World/hcal_top/hcal_top_layer2_strip10
1	World/hcal_top/hcal_top_layer2_strip11
2	World/native_trig_scint/trigger_pad1_bar_volume_0
2	World/native_trig_scint/trigger_pad1_bar_volume_2
2	World/native_trig_scint/trigger_pad1_bar_volume_4
2	World/native_trig_scint/trigger_pad1_bar_volume_6
2	World/native_trig_scint/trigger_pad1_bar_volume_8
2	World/native_trig_scint/trigger_pad1_bar_volume_10
2	World/native_trig_scint/trigger_pad1_bar_volume_12
2	World/native_trig_scint/trigger_pad1_bar_volume_14
2	World/native_trig_scint/trigger_pad1_bar_volume_16
2	World/native_trig_scint/trigger_pad1_bar_volume_18
2	World/native_trig_scint/trigger_pad1_bar_volume_20
2	World/native_trig_scint/trigger_pad1_bar_volume_22
3	World/native_trig_scint/trigger_pad1_bar_volume_1
3	World/native_trig_scint/trigger_pad1_bar_volume_3
3	World/native_trig_scint/trigger_pad1_bar_volume_5
3	World/native_trig_scint/trigger_pad1_bar_volume_7
3	World/native_trig_scint/trigger_pad1_bar_volume_9
3	World/native_trig_scint/trigger_pad1_bar_volume_11
3	World/native_trig_scint/trigger_pad1_bar_volume_13
3	World/native_trig_scint/trigger_pad1_bar_volume_15
3	World/native_trig_scint/trigger_pad1_bar_volume_17
3	World/native_trig_scint/trigger_pad1_bar_volume_19
3	World/native_trig_scint/trigger_pad1_bar_volume_21
3	World/native_trig_scint/trigger_pad1_bar_volume_23
4	World/native_trig_scint/trigger_pad2_bar_volume_0
4	World/native_trig_scint/trigger_pad2_bar_volume_2
4	World/native_trig_scint/trigger_pad2_bar_volume_4
4	World/native_trig_scint/trigger_pad2_bar_volume_6
4	World/native_trig_scint/trigger_pad2_bar_volume_8
4	World/native_trig_scint/trigger_pad2_bar_volume_10
4	World/native_trig_scint/trigger_pad2_bar_volume_12
4	World/native_trig_scint/trigger_pad2_bar_volume_14
4	World/native_trig_scint/trigger_pad2_bar_volume_16
4	World/native_trig_scint/trigger_pad2_bar_volume_18
4	World/native_trig_scint/trigger_pad2_bar_volume_20
4	World/native_trig_scint/trigger_pad2_bar_volume_22
5	World/native_trig_scint/trigger_pad2_bar_volume_1
5	World/native_trig_scint/trigger_pad2_bar_volume_3
5	World/native_trig_scint/trigger_pad2_bar_volume_5
5	World/native_trig_scint/trigger_pad2_bar_volume_7
5	World/native_trig_scint/trigger_pad2_bar_volume_9
5	World/native_trig_scint/trigger_pad2_bar_volume_11
5	World/native_trig_scint/trigger_pad2_bar_volume_13
5	World/native_trig_scint/trigger_pad2_bar_volume_15
5	World/native_trig_scint/trigger_pad2_bar_volume_17
5	World/native_trig_scint/trigger_pad2_bar_volume_19
5	World/native_trig_scint/trigger_pad2_bar_volume_21
5	World/native_trig_scint/trigger_pad2_bar_volume_23
6	World/native_recoil/recoil_l14_sensor_vol_10/recoil_l14_active_sensor
7	World/native_recoil/recoil_l14_sensor_vol_20/recoil_l14_active_sensor
8	World/native_recoil/recoil_l14_sensor_vol_30/recoil_l14_active_sensor
9	World/native_recoil/recoil_l14_sensor_vol_40/recoil_l14_active_sensor
10	World/native_target/trigger_pad3_bar_volume_0
10	World/native_target/trigger_pad3_bar_volume_2
10	World/native_target/trigger_pad3_bar_volume_4
10	World/native_target/trigger_pad3_bar_volume_6
10	World/native_target/trigger_pad3_bar_volume_8
10	World/native_target/trigger_pad3_bar_volume_10
10	World/native_target/trigger_pad3_bar_volume_12
10	World/native_target/trigger_pad3_bar_volume_14
10	World/native_target/trigger_pad3_bar_volume_16
10	World/native_target/trigger_pad3_bar_volume_18
10	World/native_target/trigger_pad3_bar_volume_20
10	World/native_target/trigger_pad3_bar_volume_22
11	World/native_target/trigger_pad3_bar_volume_1
11	World/native_target/trigger_pad3_bar_volume_3
11	World/native_target/trigger_pad3_bar_volume_5
11	World/native_target/trigger_pad3_bar_volume_7
11	World/native_target/trigger_pad3_bar_volume_9
11	World/native_target/trigger_pad3_bar_volume_11
11	World/native_target/trigger_pad3_bar_volume_13
11	World/native_target/trigger_pad3_bar_volume_15
11	World/native_target/trigger_pad3_bar_volume_17
11	World/native_target/trigger_pad3_bar_volume_19
11	World/native_target/trigger_pad3_bar_volume_21
11	World/native_target/trigger_pad3_bar_volume_23
12	World/native_target/lvTarget_3/lvTargetArray1_phys/target_0
12	World/native_target/lvTarget_3/lvTargetArray1_phys/target_0
12	World/native_target/lvTarget_3/lvTargetArray1_phys/target_0
12	World/native_target/lvTarget_3/lvTargetArray1_phys/target_0
12	World/native_target/lvTarget_3/lvTargetArray1_phys/target_0
12	World/native_target/lvTarget_3/lvTargetArray1_phys/target_0
12	World/native_target/lvTarget_3/lvTargetArray1_phys/target_0
12	World/native_target/lvTarget_3/lvTargetArray1_phys/target_0
12	World/native_target/lvTarget_3/lvTargetArray1_phys/target_0
12	World/native_target/lvTarget_3/lvTargetArray1_phys/target_0
12	World/native_target/lvTarget_3/lvTargetArray1_phys/target_0
12	World/native_target/lvTarget_3/lvTargetArray1_phys/target_0
12	World/native_target/lvTarget_3/lvTargetArray1_phys/target_0
12	World/native_target/lvTarget_3/lvTargetArray1_phys/target_0
12	World/native_target/lvTarget_3/lvTargetArray1_phys/target_0
12	World/native_target/lvTarget_3/lvTargetArray1_phys/target_0
13	World/native_target/lvTarget_3/lvTargetArray2_phys/target_0
13	World/native_target/lvTarget_3/lvTargetArray2_phys/target_0
13	World/native_target/lvTarget_3/lvTargetArray2_phys/target_0
13	World/native_target/lvTarget_3/lvTargetArray2_phys/target_0
13	World/native_target/lvTarget_3/lvTargetArray2_phys/target_0
13	World/native_target/lvTarget_3/lvTargetArray2_phys/target_0
13	World/native_target/lvTarget_3/lvTargetArray2_phys/target_0
13	World/native_target/lvTarget_3/lvTargetArray2_phys/target_0
13	World/native_target/lvTarget_3/lvTargetArray2_phys/target_0
13	World/native_target/lvTarget_3/lvTargetArray2_phys/target_0
13	World/native_target/lvTarget_3/lvTargetArray2_phys/target_0
13	World/native_target/lvTarget_3/lvTargetArray2_phys/target_0
13	World/native_target/lvTarget_3/lvTargetArray2_phys/target_0
13	World/native_target/lvTarget_3/lvTargetArray2_phys/target_0
13	World/native_target/lvTarget_3/lvTargetArray2_phys/target_0
13	World/native_target/lvTarget_3/lvTargetArray2_phys/target_0
13	World/native_target/lvTarget_3/lvTargetArray2_phys/target_0
14	World/hcal_above_ecal/hcal_above_ecal_layer1_strip0
14	World/hcal_above_ecal/hcal_above_ecal_layer1_strip1
14	World/hcal_above_ecal/hcal_above_ecal_layer1_strip2
14	World/hcal_above_ecal/hcal_above_ecal_layer1_strip3
14	World/hcal_above_ecal/hcal_above_ecal_layer1_strip4
14	World/hcal_above_ecal/hcal_above_ecal_layer1_strip5
14	World/hcal_above_ecal/hcal_above_ecal_layer1_strip6
14	World/hcal_above_ecal/hcal_above_ecal_layer1_strip7
15	World/hcal_above_ecal/hcal_above_ecal_layer2_strip0
15	World/hcal_above_ecal/hcal_above_ecal_layer2_strip1
15	World/hcal_above_ecal/hcal_above_ecal_layer2_strip2
15	World/hcal_above_ecal/hcal_above_ecal_layer2_strip3
15	World/hcal_above_ecal/hcal_above_ecal_layer2_strip4
15	World/hcal_above_ecal/hcal_above_ecal_layer2_strip5
15	World/hcal_above_ecal/hcal_above_ecal_layer2_strip6
15	World/hcal_above_ecal/hcal_above_ecal_layer2_strip7
16	World/hcal_above_ecal/hcal_above_ecal_layer3_strip0
16	World/hcal_above_ecal/hcal_above_ecal_layer3_strip1
16	World/hcal_above_ecal/hcal_above_ecal_layer3_strip2
16	World/hcal_above_ecal/hcal_above_ecal_layer3_strip3
16	World/hcal_above_ecal/hcal_above_ecal_layer3_strip4
16	World/hcal_above_ecal/hcal_above_ecal_layer3_strip5
16	World/hcal_above_ecal/hcal_above_ecal_layer3_strip6
16	World/hcal_above_ecal/hcal_above_ecal_layer3_strip7
17	World/hcal_above_ecal/hcal_above_ecal_layer4_strip0
17	World/hcal_above_ecal/hcal_above_ecal_layer4_strip1
17	World/hcal_above_ecal/hcal_above_ecal_layer4_strip2
17	World/hcal_above_ecal/hcal_above_ecal_layer4_strip3
17	World/hcal_above_ecal/hcal_above_ecal_layer4_strip4
17	World/hcal_above_ecal/hcal_above_ecal_layer4_strip5
17	World/hcal_above_ecal/hcal_above_ecal_layer4_strip6
17	World/hcal_above_ecal/hcal_above_ecal_layer4_strip7
18	World/native_ecal/Si_volume_0
19	World/native_ecal/Si_volume_7
20	World/native_ecal/Si_volume_14
21	World/native_ecal/Si_volume_21
22	World/hcal_below_ecal/hcal_below_ecal_layer1_strip0
22	World/hcal_below_ecal/hcal_below_ecal_layer1_strip1
22	World/hcal_below_ecal/hcal_below_ecal_layer1_strip2
22	World/hcal_below_ecal/hcal_below_ecal_layer1_strip3
22	World/hcal_below_ecal/hcal_below_ecal_layer1_strip4
22	World/hcal_below_ecal/hcal_below_ecal_layer1_strip5
22	World/hcal_below_ecal/hcal_below_ecal_layer1_strip6
22	World/hcal_below_ecal/hcal_below_ecal_layer1_strip7
22	World/hcal_below_ecal/hcal_below_ecal_layer1_strip8
22	World/hcal_below_ecal/hcal_below_ecal_layer1_strip9
22	World/hcal_below_ecal/hcal_below_ecal_layer1_strip10
22	World/hcal_below_ecal/hcal_below_ecal_layer1_strip11
23	World/hcal_below_ecal/hcal_below_ecal_layer2_strip0
23	World/hcal_below_ecal/hcal_below_ecal_layer2_strip1
23	World/hcal_below_ecal/hcal_below_ecal_layer2_strip2
23	World/hcal_below_ecal/hcal_below_ecal_layer2_strip3
23	World/hcal_below_ecal/hcal_below_ecal_layer2_strip4
23	World/hcal_below_ecal/hcal_below_ecal_layer2_strip5
23	World/hcal_below_ecal/hcal_below_ecal_layer2_strip6
23	World/hcal_below_ecal/hcal_below_ecal_layer2_strip7
23	World/hcal_below_ecal/hcal_below_ecal_layer2_strip8
23	World/hcal_below_ecal/hcal_below_ecal_layer2_strip9
23	World/hcal_below_ecal/hcal_below_ecal_layer2_strip10
23	World/hcal_below_ecal/hcal_below_ecal_layer2_strip11
24	World/hcal_below_ecal/hcal_below_ecal_layer3_strip0
24	World/hcal_below_ecal/hcal_below_ecal_layer3_strip1
24	World/hcal_below_ecal/hcal_below_ecal_layer3_strip2
24	World/hcal_below_ecal/hcal_below_ecal_layer3_strip3
24	World/hcal_below_ecal/hcal_below_ecal_layer3_strip4
24	World/hcal_below_ecal/hcal_below_ecal_layer3_strip5
24	World/hcal_below_ecal/hcal_below_ecal_layer3_strip6
24	World/hcal_below_ecal/hcal_below_ecal_layer3_strip7
24	World/hcal_below_ecal/hcal_below_ecal_layer3_strip8
24	World/hcal_below_ecal/hcal_below_ecal_layer3_strip9
24	World/hcal_below_ecal/hcal_below_ecal_layer3_strip10
24	World/hcal_below_ecal/hcal_below_ecal_layer3_strip11
25	World/hcal_below_ecal/hcal_below_ecal_layer4_strip0
25	World/hcal_below_ecal/hcal_below_ecal_layer4_strip1
25	World/hcal_below_ecal/hcal_below_ecal_layer4_strip2
25	World/hcal_below_ecal/hcal_below_ecal_layer4_strip3
25	World/hcal_below_ecal/hcal_below_ecal_layer4_strip4
25	World/hcal_below_ecal/hcal_below_ecal_layer4_strip5
25	World/hcal_below_ecal/hcal_below_ecal_layer4_strip6
25	World/hcal_below_ecal/hcal_below_ecal_layer4_strip7
25	World/hcal_below_ecal/hcal_below_ecal_layer4_strip8
25	World/hcal_below_ecal/hcal_below_ecal_layer4_strip9
25	World/hcal_below_ecal/hcal_below_ecal_layer4_strip10
25	World/hcal_below_ecal/hcal_below_ecal_layer4_strip11
