theta_deg,rate_Hz_per_0.02deg_bin
1.000000000000000021e-02,3.356784051275145600e-08
2.999999999999999889e-02,9.069199591293741523e-08
5.000000000000000278e-02,1.266152597247743945e-07
7.000000000000000666e-02,1.860945582534020934e-07
8.999999999999999667e-02,2.190727172476446122e-07
1.100000000000000006e-01,2.455725173330387630e-07
1.300000000000000044e-01,2.814943809980382964e-07
1.500000000000000222e-01,3.280157547183931518e-07
1.699999999999999845e-01,3.462695012629158301e-07
1.900000000000000022e-01,3.757116851090211790e-07
2.100000000000000200e-01,4.363640693209794440e-07
2.299999999999999822e-01,4.917152609381472983e-07
2.500000000000000000e-01,4.899441904695634717e-07
2.700000000000000178e-01,5.564818078749574606e-07
2.900000000000000355e-01,5.870966741939764359e-07
3.099999999999999978e-01,6.371430507680439477e-07
3.300000000000000155e-01,6.447905616491077268e-07
3.499999999999999778e-01,6.995447831729160210e-07
3.699999999999999956e-01,7.289770366856570259e-07
3.900000000000000133e-01,7.837275883684356444e-07
4.100000000000000311e-01,8.066797059138288105e-07
4.299999999999999933e-01,8.090225009180904258e-07
4.500000000000000111e-01,8.266731624921620475e-07
4.699999999999999734e-01,8.778832791072157428e-07
4.899999999999999911e-01,8.978862206680816743e-07
5.100000000000000089e-01,9.543912341644108830e-07
5.300000000000000266e-01,8.978521657708161036e-07
5.500000000000000444e-01,9.873228908557180831e-07
5.700000000000000622e-01,9.101783127187907621e-07
5.899999999999999689e-01,1.050274162278885390e-06
6.099999999999999867e-01,1.054960345563449810e-06
6.300000000000000044e-01,1.113216321481223565e-06
6.500000000000000222e-01,1.101416122910871901e-06
6.700000000000000400e-01,1.120226388979216138e-06
6.900000000000000577e-01,1.189658549449284385e-06
7.099999999999999645e-01,1.199045838818827303e-06
7.299999999999999822e-01,1.237273662728037904e-06
7.500000000000000000e-01,1.243714154488478545e-06
7.700000000000000178e-01,1.233084554523173053e-06
7.900000000000000355e-01,1.336636480868417379e-06
8.100000000000000533e-01,1.331888357570233293e-06
8.300000000000000711e-01,1.326551127158897017e-06
8.499999999999999778e-01,1.298849190718702255e-06
8.699999999999999956e-01,1.394732045531190934e-06
8.900000000000000133e-01,1.389389759396055455e-06
9.100000000000000311e-01,1.414646783551409722e-06
9.300000000000000488e-01,1.394003140826781101e-06
9.499999999999999556e-01,1.429848069757198795e-06
9.699999999999999734e-01,1.495108109363729257e-06
9.899999999999999911e-01,1.519177044667680232e-06
1.010000000000000009e+00,1.449695329257128883e-06
1.030000000000000027e+00,1.485527817805787324e-06
1.050000000000000044e+00,1.550184676674845863e-06
1.070000000000000062e+00,1.594244113217862755e-06
1.090000000000000080e+00,1.593591965870322594e-06
1.110000000000000098e+00,1.619997236678506087e-06
1.130000000000000115e+00,1.600518622974697295e-06
1.149999999999999911e+00,1.656916112448207029e-06
1.169999999999999929e+00,1.700956529738498660e-06
1.189999999999999947e+00,1.780868099130552736e-06
1.209999999999999964e+00,1.799019876330115155e-06
1.229999999999999982e+00,1.761300474011507579e-06
1.250000000000000000e+00,1.825905114092677349e-06
1.270000000000000018e+00,1.775249951913727897e-06
1.290000000000000036e+00,1.842195774350577449e-06
1.310000000000000053e+00,1.783309936483886608e-06
1.330000000000000071e+00,1.816147851670193121e-06
1.350000000000000089e+00,1.820172505097622089e-06
1.370000000000000107e+00,1.816552347806514002e-06
1.390000000000000124e+00,1.861135087227663365e-06
1.410000000000000142e+00,1.801080512165042712e-06
1.429999999999999938e+00,1.819794281434596548e-06
1.449999999999999956e+00,1.822635626124478251e-06
1.469999999999999973e+00,1.841931858668513389e-06
1.489999999999999991e+00,1.817735610422899390e-06
1.510000000000000009e+00,1.807055663292746472e-06
1.530000000000000027e+00,1.920363978242755675e-06
1.550000000000000044e+00,1.837990792667307879e-06
1.570000000000000062e+00,1.918968697911956774e-06
1.590000000000000080e+00,1.883016096065468827e-06
1.610000000000000098e+00,1.878791648407184514e-06
1.630000000000000115e+00,1.855767545653304854e-06
1.650000000000000133e+00,1.871514049488933706e-06
1.669999999999999929e+00,1.884907975391787223e-06
1.689999999999999947e+00,1.834279485880878447e-06
1.709999999999999964e+00,1.795399975701576650e-06
1.729999999999999982e+00,1.866344544445009128e-06
1.750000000000000000e+00,1.882665570551360884e-06
1.770000000000000018e+00,1.824410381501522406e-06
1.790000000000000036e+00,1.856582422433910326e-06
1.810000000000000053e+00,1.875246088219980343e-06
1.830000000000000071e+00,1.889797005658005617e-06
1.850000000000000089e+00,1.793980181044232797e-06
1.870000000000000107e+00,1.789745615916433080e-06
1.890000000000000124e+00,1.826011561707521408e-06
1.910000000000000142e+00,1.779516505786882931e-06
1.929999999999999938e+00,1.823991588954698253e-06
1.949999999999999956e+00,1.809189954528939420e-06
1.969999999999999973e+00,1.858934073538081427e-06
1.989999999999999991e+00,1.804816412208458718e-06
2.009999999999999787e+00,1.827561759318664769e-06
2.030000000000000249e+00,1.802785427721897269e-06
2.049999999999999822e+00,1.806755046385423486e-06
2.070000000000000284e+00,1.762037841717649906e-06
2.089999999999999858e+00,1.780669256093884944e-06
2.110000000000000320e+00,1.809854493945266974e-06
2.129999999999999893e+00,1.777459118071338027e-06
2.150000000000000355e+00,1.760310385031428931e-06
2.169999999999999929e+00,1.743751430176987038e-06
2.190000000000000391e+00,1.714883177653462994e-06
2.209999999999999964e+00,1.683085681993094536e-06
2.230000000000000426e+00,1.759150335943105936e-06
2.250000000000000000e+00,1.664048314332604639e-06
2.270000000000000462e+00,1.769404737191322806e-06
2.290000000000000036e+00,1.671971974285467914e-06
2.310000000000000053e+00,1.781406864615880112e-06
2.330000000000000071e+00,1.708597902873977118e-06
2.349999999999999645e+00,1.762935222154859184e-06
2.370000000000000107e+00,1.713570939908978507e-06
2.389999999999999680e+00,1.763210901831324890e-06
2.410000000000000142e+00,1.751338859513838033e-06
2.429999999999999716e+00,1.753523482604992303e-06
2.450000000000000178e+00,1.692458952591519383e-06
2.469999999999999751e+00,1.754959917811876530e-06
2.490000000000000213e+00,1.628910557676896693e-06
2.509999999999999787e+00,1.702528971337541953e-06
2.530000000000000249e+00,1.632703615127875227e-06
2.549999999999999822e+00,1.593330076080350073e-06
2.570000000000000284e+00,1.710237984620006610e-06
2.589999999999999858e+00,1.641015165206312765e-06
2.610000000000000320e+00,1.668945271560263826e-06
2.629999999999999893e+00,1.639524793252288527e-06
2.650000000000000355e+00,1.624736749800129651e-06
2.669999999999999929e+00,1.591816439324863574e-06
2.690000000000000391e+00,1.608035129038303416e-06
2.709999999999999964e+00,1.638288568005103461e-06
2.730000000000000426e+00,1.560923721227284062e-06
2.750000000000000000e+00,1.585909866120989480e-06
2.770000000000000462e+00,1.523766985190327152e-06
2.790000000000000036e+00,1.618322941724019123e-06
2.810000000000000053e+00,1.542742522394048567e-06
2.830000000000000071e+00,1.559530792488633988e-06
2.849999999999999645e+00,1.564625175689147669e-06
2.870000000000000107e+00,1.556862510575511697e-06
2.889999999999999680e+00,1.570136418921272823e-06
2.910000000000000142e+00,1.480569507154197359e-06
2.929999999999999716e+00,1.525393042191798540e-06
2.950000000000000178e+00,1.511789589084839354e-06
2.969999999999999751e+00,1.537907185956150317e-06
2.990000000000000213e+00,1.541824073130381217e-06
3.009999999999999787e+00,1.482671662387148606e-06
3.030000000000000249e+00,1.514620120511710819e-06
3.049999999999999822e+00,1.437383850548011325e-06
3.070000000000000284e+00,1.447726054376186589e-06
3.089999999999999858e+00,1.480248752821869990e-06
3.110000000000000320e+00,1.404204177215248911e-06
3.129999999999999893e+00,1.442556572967545381e-06
3.150000000000000355e+00,1.465142911736798465e-06
3.169999999999999929e+00,1.435217397337578778e-06
3.190000000000000391e+00,1.412878736335311337e-06
3.209999999999999964e+00,1.478621097111459051e-06
3.230000000000000426e+00,1.365302565136102912e-06
3.250000000000000000e+00,1.429866483965685884e-06
3.270000000000000462e+00,1.452427976458434672e-06
3.290000000000000036e+00,1.375296902804836491e-06
3.310000000000000497e+00,1.397861660679050893e-06
3.330000000000000071e+00,1.408762828754195818e-06
3.349999999999999645e+00,1.321753972382973343e-06
3.370000000000000107e+00,1.371115142170025524e-06
3.389999999999999680e+00,1.379101754508415715e-06
3.410000000000000142e+00,1.404559106952252186e-06
3.429999999999999716e+00,1.399722165318810239e-06
3.450000000000000178e+00,1.372165426099432472e-06
3.469999999999999751e+00,1.380726423871818399e-06
3.490000000000000213e+00,1.345028538393398746e-06
3.509999999999999787e+00,1.330298730029742761e-06
3.530000000000000249e+00,1.309748676779797696e-06
3.549999999999999822e+00,1.294443113900217993e-06
3.570000000000000284e+00,1.329771665334260992e-06
3.589999999999999858e+00,1.311555552071540599e-06
3.610000000000000320e+00,1.268907991754511237e-06
3.629999999999999893e+00,1.275716571854966251e-06
3.650000000000000355e+00,1.315096528147015295e-06
3.669999999999999929e+00,1.233496292413384077e-06
3.690000000000000391e+00,1.299618454621220571e-06
3.709999999999999964e+00,1.220945917152368359e-06
3.730000000000000426e+00,1.210314945990417607e-06
3.750000000000000000e+00,1.285125245611429863e-06
3.770000000000000462e+00,1.219857409188130402e-06
3.790000000000000036e+00,1.274305165031782811e-06
3.810000000000000497e+00,1.194529283124302703e-06
3.830000000000000071e+00,1.224564197201926652e-06
3.849999999999999645e+00,1.182569580687027675e-06
3.870000000000000107e+00,1.175431555986332611e-06
3.889999999999999680e+00,1.182809129275434685e-06
3.910000000000000142e+00,1.143739397259341192e-06
3.929999999999999716e+00,1.187689223708463919e-06
3.950000000000000178e+00,1.125412496696253107e-06
3.969999999999999751e+00,1.124664363576261936e-06
3.990000000000000213e+00,1.112893785965271309e-06
4.009999999999999787e+00,1.157399891764542793e-06
4.030000000000000249e+00,1.073114158451172365e-06
4.050000000000000711e+00,1.035254011723175132e-06
4.070000000000000284e+00,1.073951321549233030e-06
4.089999999999999858e+00,1.021606977894615546e-06
4.109999999999999432e+00,9.884035973943787072e-07
4.129999999999999893e+00,1.002165457101048137e-06
4.150000000000000355e+00,9.950554131940901368e-07
4.169999999999999929e+00,1.014602952763779886e-06
4.189999999999999503e+00,9.941679484649547371e-07
4.209999999999999964e+00,9.667853140337876003e-07
4.230000000000000426e+00,9.220372600674017764e-07
4.250000000000000000e+00,9.369468329223467014e-07
4.269999999999999574e+00,9.640107232140154108e-07
4.290000000000000036e+00,9.545954664789958632e-07
4.310000000000000497e+00,9.324465668353562793e-07
4.330000000000000071e+00,8.611158824227416652e-07
4.349999999999999645e+00,8.575043241613162180e-07
4.370000000000000107e+00,8.336456450065165770e-07
4.390000000000000568e+00,8.774687662152971988e-07
4.410000000000000142e+00,8.599758074407491856e-07
4.429999999999999716e+00,8.592570513393602852e-07
4.450000000000000178e+00,8.105496245849640516e-07
4.470000000000000639e+00,7.664817562332126110e-07
4.490000000000000213e+00,8.362870194836069684e-07
4.509999999999999787e+00,7.985866577314015705e-07
4.530000000000000249e+00,7.978755636243430026e-07
4.550000000000000711e+00,7.682793119438041686e-07
4.570000000000000284e+00,7.340735162442244312e-07
4.589999999999999858e+00,7.402986356475417095e-07
4.610000000000000320e+00,7.395936839170109315e-07
4.629999999999999893e+00,7.088709270572804924e-07
4.650000000000000355e+00,7.231792059589541329e-07
4.669999999999999929e+00,6.970840043604880753e-07
4.689999999999999503e+00,6.796540025233450634e-07
4.709999999999999964e+00,7.141448189252186625e-07
4.730000000000000426e+00,6.505770416092623346e-07
4.750000000000000000e+00,6.504622572632428555e-07
4.769999999999999574e+00,6.791725970487689908e-07
4.790000000000000036e+00,6.819344004793429780e-07
4.810000000000000497e+00,6.725925085789470806e-07
4.830000000000000071e+00,6.736226532048574674e-07
4.849999999999999645e+00,6.446929693924745769e-07
4.870000000000000107e+00,6.428492996561614981e-07
4.890000000000000568e+00,6.340921310618816164e-07
4.910000000000000142e+00,6.167024363959539212e-07
4.929999999999999716e+00,6.085289203623222178e-07
4.950000000000000178e+00,6.348943175448219471e-07
4.970000000000000639e+00,6.520416032939379017e-07
4.990000000000000213e+00,6.266045698921368329e-07
5.009999999999999787e+00,5.994486792683302010e-07
5.030000000000000249e+00,5.907080132348498029e-07
5.050000000000000711e+00,6.066979708420139539e-07
5.070000000000000284e+00,5.904839572839049413e-07
5.089999999999999858e+00,5.886489862734799342e-07
5.110000000000000320e+00,5.810641075656245266e-07
5.129999999999999893e+00,5.619905297084952344e-07
5.150000000000000355e+00,5.607334952657082449e-07
5.169999999999999929e+00,5.657944852351865888e-07
5.189999999999999503e+00,5.283570126753367366e-07
5.209999999999999964e+00,5.322730826524695296e-07
5.230000000000000426e+00,5.344677840009984955e-07
5.250000000000000000e+00,5.280470788559716415e-07
5.269999999999999574e+00,4.963799393245969938e-07
5.290000000000000036e+00,4.968578408698214322e-07
5.310000000000000497e+00,5.306022843714561082e-07
5.330000000000000071e+00,5.058359090566524402e-07
5.349999999999999645e+00,4.822278721411872708e-07
5.370000000000000107e+00,4.809855246507542742e-07
5.390000000000000568e+00,4.717175588436118611e-07
5.410000000000000142e+00,4.486996913784212123e-07
5.429999999999999716e+00,4.319935940961822917e-07
5.450000000000000178e+00,4.634091186508336157e-07
5.470000000000000639e+00,4.421255735693591201e-07
5.490000000000000213e+00,4.723831406493203766e-07
5.509999999999999787e+00,4.333569543203613859e-07
5.530000000000000249e+00,4.395637980774010366e-07
5.550000000000000711e+00,4.411892983596993602e-07
5.570000000000000284e+00,3.924682254953908057e-07
5.589999999999999858e+00,4.015390800935453448e-07
5.610000000000000320e+00,4.243302419063628565e-07
5.629999999999999893e+00,4.059435535165278563e-07
5.650000000000000355e+00,4.070019071214970434e-07
5.669999999999999929e+00,3.931975471655853022e-07
5.689999999999999503e+00,3.902585639280131918e-07
5.709999999999999964e+00,3.421906359415994075e-07
5.730000000000000426e+00,3.718156655265435276e-07
5.750000000000000000e+00,3.506085610994993279e-07
5.769999999999999574e+00,3.893553451318800542e-07
5.790000000000000036e+00,3.573073322085218541e-07
5.810000000000000497e+00,3.532348805023284567e-07
5.830000000000000071e+00,3.406071076685011841e-07
5.849999999999999645e+00,3.496586811460815276e-07
5.870000000000000107e+00,3.279103515424940356e-07
5.890000000000000568e+00,3.073132882256613623e-07
5.910000000000000142e+00,3.209269286041140385e-07
5.929999999999999716e+00,2.969212039415068308e-07
5.950000000000000178e+00,2.843189160217742320e-07
5.970000000000000639e+00,3.059011160275186492e-07
5.990000000000000213e+00,2.597017435725027390e-07
6.009999999999999787e+00,2.778639675657439648e-07
6.030000000000000249e+00,2.715396870010886865e-07
6.050000000000000711e+00,2.521278701040555337e-07
6.070000000000000284e+00,2.412607559683877979e-07
6.089999999999999858e+00,2.457563089640623009e-07
6.110000000000000320e+00,2.456998882637837421e-07
6.130000000000000782e+00,2.399578391594804572e-07
6.150000000000000355e+00,2.336488810258435791e-07
6.169999999999999929e+00,2.125675133787697694e-07
6.189999999999999503e+00,1.949023361672235821e-07
6.209999999999999964e+00,1.976970732079418771e-07
6.230000000000000426e+00,2.050338913602203053e-07
6.250000000000000000e+00,1.907909147037761806e-07
6.269999999999999574e+00,1.822319324650587331e-07
6.290000000000000036e+00,1.742419483625786497e-07
6.310000000000000497e+00,1.492344138451584773e-07
6.330000000000000071e+00,1.633811911175542272e-07
6.349999999999999645e+00,1.434917283501288952e-07
6.370000000000000107e+00,1.394877312322066594e-07
6.390000000000000568e+00,1.230152422084458858e-07
6.410000000000000142e+00,1.450894070408221214e-07
6.429999999999999716e+00,1.257901435217927891e-07
6.450000000000000178e+00,1.178282561586968010e-07
6.470000000000000639e+00,1.019418119466537527e-07
6.490000000000000213e+00,1.002201998134897682e-07
6.509999999999999787e+00,8.717479261600108249e-08
6.530000000000000249e+00,9.224738742347320187e-08
6.550000000000000711e+00,8.656644320940205716e-08
6.570000000000000284e+00,7.636275797788548107e-08
6.589999999999999858e+00,7.068976104701260459e-08
6.610000000000000320e+00,6.106054440043712226e-08
6.630000000000000782e+00,5.708815381894759180e-08
6.650000000000000355e+00,5.876962625711137460e-08
6.669999999999999929e+00,5.875548114346781696e-08
6.689999999999999503e+00,5.252717819492532471e-08
6.709999999999999964e+00,4.291455522742235546e-08
6.730000000000000426e+00,4.629254906676955071e-08
6.750000000000000000e+00,3.950802644092083727e-08
6.769999999999999574e+00,3.780441240775319499e-08
6.790000000000000036e+00,3.271785168244733619e-08
6.810000000000000497e+00,3.101832228602887517e-08
6.830000000000000071e+00,2.988227859073841136e-08
6.849999999999999645e+00,3.043858638028182007e-08
6.870000000000000107e+00,2.479561446871714131e-08
6.890000000000000568e+00,2.140890327784637665e-08
6.910000000000000142e+00,2.759900591067191177e-08
6.929999999999999716e+00,2.533874004318061729e-08
6.950000000000000178e+00,2.420683165874945966e-08
6.970000000000000639e+00,2.082389690524097362e-08
6.990000000000000213e+00,2.475636333288784929e-08
7.009999999999999787e+00,1.799995466399682437e-08
7.030000000000000249e+00,2.080711011372715424e-08
7.050000000000000711e+00,1.855275793080734402e-08
7.070000000000000284e+00,1.292720574818884747e-08
7.089999999999999858e+00,8.990066084580681043e-09
7.110000000000000320e+00,1.235885002580604510e-08
7.130000000000000782e+00,1.235519999230428846e-08
7.150000000000000355e+00,8.983490514694657736e-09
7.169999999999999929e+00,1.627770276231110007e-08
7.189999999999999503e+00,8.978445408432794426e-09
7.209999999999999964e+00,1.122015348338202240e-08
7.230000000000000426e+00,6.730262928480804537e-09
7.250000000000000000e+00,5.046469852628792602e-09
7.269999999999999574e+00,9.529541338914724487e-09
7.290000000000000036e+00,5.043392355401347350e-09
7.310000000000000497e+00,6.162584668258953506e-09
7.330000000000000071e+00,4.480888370892870540e-09
7.349999999999999645e+00,5.039438314949126905e-09
7.370000000000000107e+00,3.358558572138057643e-09
7.390000000000000568e+00,4.476951297309145417e-09
7.410000000000000142e+00,4.475977193068103240e-09
7.429999999999999716e+00,3.915165712509681232e-09
7.450000000000000178e+00,2.236599852700891798e-09
7.470000000000000639e+00,1.118017938042388528e-09
7.490000000000000213e+00,2.235441789026686970e-09
7.509999999999999787e+00,1.117443350844326467e-09
7.530000000000000249e+00,3.351288813669947455e-09
7.550000000000000711e+00,1.116742196739745464e-09
7.570000000000000284e+00,2.232915863354734726e-09
7.589999999999999858e+00,1.674118190788466913e-09
7.610000000000000320e+00,1.673754274076888205e-09
7.630000000000000782e+00,1.115499005372771153e-09
7.650000000000000355e+00,1.672789422793046550e-09
7.689999999999999503e+00,5.572017768946854685e-10
7.750000000000000000e+00,5.568305559326141085e-10
7.790000000000000036e+00,5.564332693700868662e-10
