hcal_mask,S,Y,E,tracker_k,geometric_per_hour,no_roof_per_hour,concrete_per_hour,half_column_concrete_per_hour,double_column_concrete_per_hour,geometric_se_per_hour,no_roof_se_per_hour,concrete_se_per_hour,half_column_concrete_se_per_hour,double_column_concrete_se_per_hour
1,0,0,0,0,147303.28100385255,205826.74534003282,175444.9189797072,175756.4738955105,174826.11091170282,0.2726504781872604,20.38788134251878,10.190551568539032,10.229599653990684,10.113689097791816
1,0,0,0,1,1445.7466342311727,2058.725782763519,1744.7340260085361,1748.0357156867194,1738.1826457834911,0.14872080092691892,0.2106221541508745,0.17884340828588843,0.1791694575288463,0.1781976508873872
1,0,0,0,2,1278.4394303042234,1820.8146563156722,1543.0395430511721,1546.0105972517072,1537.1452523731205,0.14060192866446408,0.20053068626780696,0.16986030265572627,0.17019764131172438,0.16919243149747384
1,0,0,0,3,275.7873810580814,395.37500410485205,334.304509070215,334.9766395791096,332.9712484121384,0.0350037040308461,0.0499440870522444,0.04230325484836376,0.04238864450939836,0.0421343232571361
1,0,0,0,4,221.8280444774344,318.2077199217424,269.0040727460628,269.55529842021275,267.9108723845213,0.01739141317021215,0.02483415083643217,0.02102632567992986,0.02106394787302704,0.02095183347978033
1,0,0,1,0,1234.2133349766996,1741.7037833650854,1480.5180654243625,1493.0100686722608,1456.103878666021,0.11394373128478327,0.1609981657802317,0.13679567943807458,0.13795316224407114,0.1345333734490828
1,0,0,1,1,50.82118918997395,71.77781361154115,60.989449866264,61.530806939164464,59.93296718316094,0.004704079756101772,0.006649939682045402,0.00564911001659141,0.005697602784890548,0.005554447040571145
1,0,0,1,2,46.30275892058327,65.39291725293472,55.56479528876507,56.05932672995311,54.59974615813213,0.00364756224580295,0.005142683652505948,0.00437140491956273,0.004413478944428073,0.0042894194208240284
1,0,0,1,3,34.093589976862575,48.14980843300664,40.912820705804634,41.278546790945086,40.19919694186763,0.003951842343934423,0.005582304739207033,0.004743030625405515,0.004785033253407453,0.00466097137753127
1,0,0,1,4,30.95803724747608,43.71999601801335,37.14908255819131,37.48179343342629,36.499904945914395,0.0025592501999660983,0.003617694536829884,0.0030733522490051183,0.0030995014116965707,0.0030222566594091454
1,0,1,0,0,205.74524242836884,294.35522223367497,249.1013395460717,249.66968954789866,247.97421463520845,0.03406214836302565,0.049003628654024696,0.04138813384828723,0.04148666668940021,0.041192604181183666
1,0,1,0,1,62.95212799578375,90.39867234239475,76.40326195653977,76.59104382096588,76.03075304100936,0.008211745826274045,0.01180720370707718,0.009973852586477306,0.009996262542056265,0.009929442635140312
1,0,1,0,2,56.20605670247932,80.72777015919625,68.22482544946311,68.39348971402158,67.89022698466557,0.007342353011072266,0.010563221471439295,0.008921372118834788,0.00894215466187131,0.008880159547006642
1,0,1,0,3,22.908794276384036,32.94717277898103,27.831481393845667,27.902874967359253,27.689823919757508,0.001761894172602311,0.002538722196487056,0.0021428333039287483,0.002147702301781923,0.0021331820513465476
1,0,1,0,4,20.552842937951713,29.56038874644856,24.97015041275926,25.0344679418298,24.84253227148914,0.0021622489773274133,0.003110555253163845,0.0026272173574254268,0.0026335818229184437,0.0026145952171047963
1,0,1,1,0,26.26856532198946,37.07405177872432,31.50796493896043,31.793160917998193,30.951567175581683,0.0022435477529312866,0.003165225847610075,0.0026903534901368863,0.0027147568393236865,0.0026427170502562576
1,0,1,1,1,21.958931756362684,30.992242901995052,26.33875590355926,26.578272464303353,25.87152870651787,0.004245879351774588,0.0059912032269772725,0.005092184651816087,0.005137910119849137,0.005002915695285192
1,0,1,1,2,20.964581463668804,29.58879436970892,25.145978708000648,25.374893247787092,24.69944389804538,0.003154953267803607,0.0044529762480147615,0.0037845618639499516,0.0038181324242085872,0.0037190076377872387
1,0,1,1,3,14.933638625016922,21.07689551973482,17.911860322151956,18.075945707440894,17.59183020218066,0.0027999422409470706,0.003952607693106917,0.003358946902013815,0.0033892367793758767,0.0032998594365326863
1,0,1,1,4,13.926453674875038,19.655320964465222,16.703729596200763,16.856908101253836,16.404978578675895,0.0033631072603145192,0.004742732843461388,0.004031532756306414,0.004068898028355511,0.0039586584656363805
1,1,0,0,0,2.2203209349658426,3.1965452069871745,2.6991429108167373,2.7059291902577085,2.685671182587259,0.0003455009080878303,0.0004975861205861801,0.0004201022945012052,0.00042115677520317954,0.000418008334433307
1,1,0,0,1,2.2203209349658426,3.1965452069871754,2.699142910816738,2.7059291902577085,2.6856711825872597,0.00034550090808784217,0.0004975861205862743,0.0004201022945011456,0.00042115677520328026,0.0004180083344333094
1,1,0,0,2,2.2203209349658426,3.1965452069871736,2.6991429108167373,2.7059291902577094,2.6856711825872592,0.00034550090808781403,0.0004975861205861494,0.00042010229450135434,0.0004211567752029411,0.00041800833443337524
1,1,0,0,3,2.2203209349658426,3.1965452069871745,2.699142910816737,2.7059291902577085,2.6856711825872592,0.00034550090808783474,0.0004975861205861166,0.0004201022945011159,0.00042115677520331723,0.0004180083344332363
1,1,0,0,4,2.2203209349658426,3.1965452069871745,2.6991429108167373,2.7059291902577085,2.685671182587259,0.0003455009080878303,0.0004975861205861801,0.0004201022945012052,0.00042115677520317954,0.000418008334433307
1,1,0,1,0,2.140963025208904,3.020891808290589,2.5673297296658335,2.5913886197565694,2.5204220549887175,0.00045539032371073206,0.0006427163683447525,0.0005461814897955337,0.0005512635036890488,0.000536276353167063
1,1,0,1,1,2.140963025208905,3.020891808290589,2.567329729665833,2.5913886197565694,2.520422054988718,0.00045539032371048833,0.0006427163683447311,0.0005461814897957559,0.0005512635036888971,0.0005362763531670737
1,1,0,1,2,2.1409630252089036,3.020891808290588,2.567329729665834,2.59138861975657,2.5204220549887175,0.00045539032371093367,0.0006427163683447549,0.000546181489795357,0.0005512635036891558,0.0005362763531670578
1,1,0,1,3,2.1409630252089045,3.020891808290589,2.567329729665834,2.59138861975657,2.5204220549887175,0.0004553903237107742,0.0006427163683447717,0.0005461814897954883,0.0005512635036890936,0.0005362763531670578
1,1,0,1,4,2.140963025208904,3.020891808290589,2.5673297296658335,2.5913886197565694,2.5204220549887175,0.00045539032371073206,0.0006427163683447525,0.0005461814897955337,0.0005512635036890488,0.000536276353167063
1,1,1,0,0,1.5731995236238026,2.262085710769596,1.9111383948634593,1.9166314101702397,1.9002480446865682,0.0004721608942220928,0.0006789890111502854,0.0005736230845250007,0.0005752618368275028,0.000570374375368629
1,1,1,0,1,1.5731995236238023,2.2620857107695964,1.9111383948634597,1.9166314101702404,1.9002480446865677,0.00047216089422198705,0.0006789890111505853,0.0005736230845250372,0.0005752618368273267,0.0005703743753684761
1,1,1,0,2,1.5731995236238028,2.2620857107695964,1.9111383948634597,1.91663141017024,1.9002480446865686,0.0004721608942222163,0.00067898901114998,0.0005736230845249972,0.0005752618368276323,0.0005703743753688287
1,1,1,0,3,1.5731995236238026,2.262085710769596,1.9111383948634593,1.91663141017024,1.9002480446865682,0.00047216089422207535,0.0006789890111502912,0.0005736230845249679,0.0005752618368275491,0.000570374375368582
1,1,1,0,4,1.5731995236238026,2.262085710769596,1.9111383948634593,1.9166314101702397,1.9002480446865682,0.0004721608942220928,0.0006789890111502854,0.0005736230845250007,0.0005752618368275028,0.000570374375368629
1,1,1,1,0,1.5502073697818837,2.18695993699186,1.8586738511267125,1.8762333658337083,1.8244417663477144,0.000451611676261209,0.0006371839846415802,0.0005415152464170366,0.0005466307167675263,0.0005315444017107998
1,1,1,1,1,1.5502073697818834,2.1869599369918604,1.8586738511267122,1.8762333658337083,1.8244417663477137,0.0004516116762613403,0.0006371839846415221,0.0005415152464170979,0.0005466307167676389,0.0005315444017107452
1,1,1,1,2,1.5502073697818837,2.186959936991861,1.858673851126713,1.8762333658337083,1.8244417663477148,0.0004516116762611073,0.0006371839846416444,0.0005415152464170101,0.0005466307167674577,0.0005315444017108043
1,1,1,1,3,1.5502073697818837,2.18695993699186,1.8586738511267127,1.8762333658337083,1.8244417663477144,0.00045161167626117947,0.0006371839846415743,0.0005415152464170018,0.0005466307167674819,0.0005315444017108501
1,1,1,1,4,1.5502073697818837,2.18695993699186,1.8586738511267125,1.8762333658337083,1.8244417663477144,0.000451611676261209,0.0006371839846415802,0.0005415152464170366,0.0005466307167675263,0.0005315444017107998
2,0,0,0,0,58577.42098752757,81345.5194417834,69507.59507177222,69806.220957721,68916.8009333033,0.008660047232466082,0.03344911010074186,0.02511907471609159,0.022104019364423275,0.03191650740458181
2,0,0,0,1,699.9412598114969,991.1375390947878,841.9667923627296,846.7641381729662,832.5041158506115,0.14104228340233657,0.19976430014784466,0.16967958442739692,0.17070371036041507,0.16765831074356755
2,0,0,0,2,631.2854967187657,893.9625996756872,759.4038647412992,763.7404459079416,750.8502223378877,0.09527312334047429,0.13550660331846373,0.11494283692693011,0.11559480903481058,0.11365441428759673
2,0,0,0,3,221.1167024668226,313.7243241035621,266.3243803821258,267.87969943935013,263.2583203611482,0.0344497675482004,0.04881201213702576,0.04145981710916806,0.041672762987815526,0.04103970300823245
2,0,0,0,4,186.38266285782996,264.50137661219577,224.5209961155147,225.8357261526455,221.92939746771017,0.018659356004764635,0.026418962710638292,0.02244372279145067,0.022570537529515874,0.022193653375406706
2,0,0,1,0,5237.813097552384,7322.925540379694,6244.54618528454,6290.142543192046,6155.064583605045,2.1510570134326596,3.02748750217782,2.575750100428547,2.596406817177246,2.5353750529560655
2,0,0,1,1,50.82118918997395,71.77781361154115,60.989449866264,61.530806939164464,59.93296718316094,0.004704079756101772,0.006649939682045402,0.00564911001659141,0.005697602784890548,0.005554447040571145
2,0,0,1,2,46.30275892058327,65.39291725293472,55.56479528876507,56.05932672995311,54.59974615813213,0.00364756224580295,0.005142683652505948,0.00437140491956273,0.004413478944428073,0.0042894194208240284
2,0,0,1,3,34.093589976862575,48.14980843300664,40.912820705804634,41.278546790945086,40.19919694186763,0.003951842343934423,0.005582304739207033,0.004743030625405515,0.004785033253407453,0.00466097137753127
2,0,0,1,4,30.95803724747608,43.71999601801335,37.14908255819131,37.48179343342629,36.499904945914395,0.0025592501999660983,0.003617694536829884,0.0030733522490051183,0.0030995014116965707,0.0030222566594091454
2,0,1,0,0,306.5304462135466,432.05741764966655,367.5895320785268,369.62609695278576,363.56921899961407,0.08959059033049924,0.12731937720223396,0.10801915349823694,0.10868235688377091,0.1067137051522979
2,0,1,0,1,63.14673554908679,89.62512763083654,76.07132125204586,76.54033204950535,75.14736426964018,0.00783661298105433,0.011137949426000769,0.009449357550686713,0.009506045249911887,0.009337635937238293
2,0,1,0,2,56.28138775675093,79.89766551240797,67.80984897421543,68.22923443069436,66.98371141359064,0.007448044246507658,0.01058813345572327,0.0089820541610165,0.00903643668730277,0.008874981229615032
2,0,1,0,3,22.908794276384036,32.56478313434224,27.624767248208066,27.79853238987869,27.28259010477128,0.001761894172602311,0.0025085623881035135,0.0021269051976488505,0.0021396744413714726,0.002101776310116015
2,0,1,0,4,20.552842937951713,29.217427889981966,24.78466773483903,24.940842156155796,24.477135596184898,0.0021622489773274133,0.003074121608671454,0.0026077020090185363,0.0026237346757821568,0.002576127917557322
2,0,1,1,0,26.26856532198946,37.07405177872432,31.50796493896043,31.793160917998193,30.951567175581683,0.0022435477529312866,0.003165225847610075,0.0026903534901368863,0.0027147568393236865,0.0026427170502562576
2,0,1,1,1,21.958931756362684,30.992242901995052,26.33875590355926,26.578272464303353,25.87152870651787,0.004245879351774588,0.0059912032269772725,0.005092184651816087,0.005137910119849137,0.005002915695285192
2,0,1,1,2,20.964581463668804,29.58879436970892,25.145978708000648,25.374893247787092,24.69944389804538,0.003154953267803607,0.0044529762480147615,0.0037845618639499516,0.0038181324242085872,0.0037190076377872387
2,0,1,1,3,14.933638625016922,21.07689551973482,17.911860322151956,18.075945707440894,17.59183020218066,0.0027999422409470706,0.003952607693106917,0.003358946902013815,0.0033892367793758767,0.0032998594365326863
2,0,1,1,4,13.926453674875038,19.655320964465222,16.703729596200763,16.856908101253836,16.404978578675895,0.0033631072603145192,0.004742732843461388,0.004031532756306414,0.004068898028355511,0.0039586584656363805
2,1,0,0,0,2.2203209349658426,3.1567430565729873,2.6775919283840324,2.6950529894849384,2.643229733236779,0.0003455009080878303,0.0004913365523089945,0.00041671967956830687,0.00041944964339196515,0.00041134605195689407
2,1,0,0,1,2.2203209349658426,3.1567430565729855,2.677591928384032,2.6950529894849398,2.643229733236779,0.00034550090808784217,0.0004913365523090697,0.0004167196795680895,0.00041944964339207146,0.0004113460519568347
2,1,0,0,2,2.2203209349658426,3.1567430565729873,2.6775919283840333,2.6950529894849384,2.6432297332367787,0.00034550090808781403,0.0004913365523088431,0.00041671967956845437,0.0004194496433918394,0.0004113460519569266
2,1,0,0,3,2.2203209349658426,3.1567430565729873,2.6775919283840324,2.6950529894849398,2.6432297332367787,0.00034550090808783474,0.0004913365523090706,0.0004167196795683766,0.00041944964339198467,0.00041134605195692085
2,1,0,0,4,2.2203209349658426,3.1567430565729873,2.6775919283840324,2.6950529894849384,2.643229733236779,0.0003455009080878303,0.0004913365523089945,0.00041671967956830687,0.00041944964339196515,0.00041134605195689407
2,1,0,1,0,2.140963025208904,3.020891808290589,2.5673297296658335,2.5913886197565694,2.5204220549887175,0.00045539032371073206,0.0006427163683447525,0.0005461814897955337,0.0005512635036890488,0.000536276353167063
2,1,0,1,1,2.140963025208905,3.020891808290589,2.567329729665833,2.5913886197565694,2.520422054988718,0.00045539032371048833,0.0006427163683447311,0.0005461814897957559,0.0005512635036888971,0.0005362763531670737
2,1,0,1,2,2.1409630252089036,3.020891808290588,2.567329729665834,2.59138861975657,2.5204220549887175,0.00045539032371093367,0.0006427163683447549,0.000546181489795357,0.0005512635036891558,0.0005362763531670578
2,1,0,1,3,2.1409630252089045,3.020891808290589,2.567329729665834,2.59138861975657,2.5204220549887175,0.0004553903237107742,0.0006427163683447717,0.0005461814897954883,0.0005512635036890936,0.0005362763531670578
2,1,0,1,4,2.140963025208904,3.020891808290589,2.5673297296658335,2.5913886197565694,2.5204220549887175,0.00045539032371073206,0.0006427163683447525,0.0005461814897955337,0.0005512635036890488,0.000536276353167063
2,1,1,0,0,1.5731995236238026,2.2362642089740348,1.8969306373863355,1.9094586429070224,1.87228426151045,0.0004721608942220928,0.0006712274987479737,0.0005693576837713277,0.0005731083050598985,0.000561978692751261
2,1,1,0,1,1.5731995236238023,2.2362642089740348,1.8969306373863353,1.9094586429070217,1.87228426151045,0.00047216089422198705,0.0006712274987480477,0.0005693576837714027,0.0005731083050599069,0.000561978692750962
2,1,1,0,2,1.5731995236238028,2.2362642089740343,1.8969306373863355,1.9094586429070226,1.8722842615104498,0.0004721608942222163,0.0006712274987478723,0.0005693576837713455,0.0005731083050598997,0.0005619786927515682
2,1,1,0,3,1.5731995236238026,2.2362642089740348,1.8969306373863355,1.909458642907022,1.87228426151045,0.00047216089422207535,0.0006712274987480012,0.0005693576837712348,0.0005731083050598886,0.0005619786927512527
2,1,1,0,4,1.5731995236238026,2.2362642089740348,1.8969306373863355,1.9094586429070224,1.87228426151045,0.0004721608942220928,0.0006712274987479737,0.0005693576837713277,0.0005731083050598985,0.000561978692751261
2,1,1,1,0,1.5502073697818837,2.18695993699186,1.8586738511267125,1.8762333658337083,1.8244417663477144,0.000451611676261209,0.0006371839846415802,0.0005415152464170366,0.0005466307167675263,0.0005315444017107998
2,1,1,1,1,1.5502073697818834,2.1869599369918604,1.8586738511267122,1.8762333658337083,1.8244417663477137,0.0004516116762613403,0.0006371839846415221,0.0005415152464170979,0.0005466307167676389,0.0005315444017107452
2,1,1,1,2,1.5502073697818837,2.186959936991861,1.858673851126713,1.8762333658337083,1.8244417663477148,0.0004516116762611073,0.0006371839846416444,0.0005415152464170101,0.0005466307167674577,0.0005315444017108043
2,1,1,1,3,1.5502073697818837,2.18695993699186,1.8586738511267127,1.8762333658337083,1.8244417663477144,0.00045161167626117947,0.0006371839846415743,0.0005415152464170018,0.0005466307167674819,0.0005315444017108501
2,1,1,1,4,1.5502073697818837,2.18695993699186,1.8586738511267125,1.8762333658337083,1.8244417663477144,0.000451611676261209,0.0006371839846415802,0.0005415152464170366,0.0005466307167675263,0.0005315444017107998
3,0,0,0,0,11649.064606053069,16536.000897530976,14035.669916970966,14113.821365540765,13881.581779898888,3.4530646145074058,4.910572314033786,4.165505619007824,4.187415237716332,4.122284586737715
3,0,0,0,1,672.2897866564507,952.2898004306611,808.8758443169203,813.5217608983987,799.7127648427584,0.1360882181086534,0.19299456088693354,0.16385499114143573,0.1648934922425443,0.16180594427522063
3,0,0,0,2,609.5120419652019,863.3718052789543,733.3465743500956,737.5640620478212,725.0285579517913,0.11038496891363934,0.15658368656496385,0.13294092958387393,0.13366284122316516,0.13151369158211432
3,0,0,0,3,221.11542702642674,313.72252770485306,266.3228514415637,267.87816459494053,263.2568031457598,0.03414248919163638,0.04837966022035135,0.04109170842277996,0.04130327555805419,0.040674333113231244
3,0,0,0,4,186.38266285782996,264.50137661219577,224.5209961155147,225.8357261526455,221.92939746771017,0.018659356004764635,0.026418962710638292,0.02244372279145067,0.022570537529515874,0.022193653375406706
3,0,0,1,0,1234.2133349766996,1741.7037833650854,1480.5180654243625,1493.0100686722608,1456.103878666021,0.11394373128478327,0.1609981657802317,0.13679567943807458,0.13795316224407114,0.1345333734490828
3,0,0,1,1,50.82118918997395,71.77781361154115,60.989449866264,61.530806939164464,59.93296718316094,0.004704079756101772,0.006649939682045402,0.00564911001659141,0.005697602784890548,0.005554447040571145
3,0,0,1,2,46.30275892058327,65.39291725293472,55.56479528876507,56.05932672995311,54.59974615813213,0.00364756224580295,0.005142683652505948,0.00437140491956273,0.004413478944428073,0.0042894194208240284
3,0,0,1,3,34.093589976862575,48.14980843300664,40.912820705804634,41.278546790945086,40.19919694186763,0.003951842343934423,0.005582304739207033,0.004743030625405515,0.004785033253407453,0.00466097137753127
3,0,0,1,4,30.95803724747608,43.71999601801335,37.14908255819131,37.48179343342629,36.499904945914395,0.0025592501999660983,0.003617694536829884,0.0030733522490051183,0.0030995014116965707,0.0030222566594091454
3,0,1,0,0,200.37846397856708,283.44547940948445,240.863254539341,242.30126571189405,238.02735334032036,0.03315420089369616,0.047132068806868134,0.03998198366923625,0.040226221058603816,0.039501210612511724
3,0,1,0,1,62.85133013114095,89.20837606476198,75.71681774243767,76.18401056404082,74.79645209871748,0.008153394774083311,0.01158621046570672,0.009830279089411243,0.009888801351393627,0.009714927940230563
3,0,1,0,2,56.18479466981813,79.76135720338091,67.69391089086234,68.11270018678758,66.86895089475324,0.007317734058581075,0.010403950930482509,0.00882549459621973,0.008878944843873872,0.008720250850500854
3,0,1,0,3,22.908794276384036,32.56478313434224,27.624767248208066,27.79853238987869,27.28259010477128,0.001761894172602311,0.0025085623881035135,0.0021269051976488505,0.0021396744413714726,0.002101776310116015
3,0,1,0,4,20.552842937951713,29.217427889981966,24.78466773483903,24.940842156155796,24.477135596184898,0.0021622489773274133,0.003074121608671454,0.0026077020090185363,0.0026237346757821568,0.002576127917557322
3,0,1,1,0,26.26856532198946,37.07405177872432,31.50796493896043,31.793160917998193,30.951567175581683,0.0022435477529312866,0.003165225847610075,0.0026903534901368863,0.0027147568393236865,0.0026427170502562576
3,0,1,1,1,21.958931756362684,30.992242901995052,26.33875590355926,26.578272464303353,25.87152870651787,0.004245879351774588,0.0059912032269772725,0.005092184651816087,0.005137910119849137,0.005002915695285192
3,0,1,1,2,20.964581463668804,29.58879436970892,25.145978708000648,25.374893247787092,24.69944389804538,0.003154953267803607,0.0044529762480147615,0.0037845618639499516,0.0038181324242085872,0.0037190076377872387
3,0,1,1,3,14.933638625016922,21.07689551973482,17.911860322151956,18.075945707440894,17.59183020218066,0.0027999422409470706,0.003952607693106917,0.003358946902013815,0.0033892367793758767,0.0032998594365326863
3,0,1,1,4,13.926453674875038,19.655320964465222,16.703729596200763,16.856908101253836,16.404978578675895,0.0033631072603145192,0.004742732843461388,0.004031532756306414,0.004068898028355511,0.0039586584656363805
3,1,0,0,0,2.2203209349658426,3.1567430565729873,2.6775919283840324,2.6950529894849384,2.643229733236779,0.0003455009080878303,0.0004913365523089945,0.00041671967956830687,0.00041944964339196515,0.00041134605195689407
3,1,0,0,1,2.2203209349658426,3.1567430565729855,2.677591928384032,2.6950529894849398,2.643229733236779,0.00034550090808784217,0.0004913365523090697,0.0004167196795680895,0.00041944964339207146,0.0004113460519568347
3,1,0,0,2,2.2203209349658426,3.1567430565729873,2.6775919283840333,2.6950529894849384,2.6432297332367787,0.00034550090808781403,0.0004913365523088431,0.00041671967956845437,0.0004194496433918394,0.0004113460519569266
3,1,0,0,3,2.2203209349658426,3.1567430565729873,2.6775919283840324,2.6950529894849398,2.6432297332367787,0.00034550090808783474,0.0004913365523090706,0.0004167196795683766,0.00041944964339198467,0.00041134605195692085
3,1,0,0,4,2.2203209349658426,3.1567430565729873,2.6775919283840324,2.6950529894849384,2.643229733236779,0.0003455009080878303,0.0004913365523089945,0.00041671967956830687,0.00041944964339196515,0.00041134605195689407
3,1,0,1,0,2.140963025208904,3.020891808290589,2.5673297296658335,2.5913886197565694,2.5204220549887175,0.00045539032371073206,0.0006427163683447525,0.0005461814897955337,0.0005512635036890488,0.000536276353167063
3,1,0,1,1,2.140963025208905,3.020891808290589,2.567329729665833,2.5913886197565694,2.520422054988718,0.00045539032371048833,0.0006427163683447311,0.0005461814897957559,0.0005512635036888971,0.0005362763531670737
3,1,0,1,2,2.1409630252089036,3.020891808290588,2.567329729665834,2.59138861975657,2.5204220549887175,0.00045539032371093367,0.0006427163683447549,0.000546181489795357,0.0005512635036891558,0.0005362763531670578
3,1,0,1,3,2.1409630252089045,3.020891808290589,2.567329729665834,2.59138861975657,2.5204220549887175,0.0004553903237107742,0.0006427163683447717,0.0005461814897954883,0.0005512635036890936,0.0005362763531670578
3,1,0,1,4,2.140963025208904,3.020891808290589,2.5673297296658335,2.5913886197565694,2.5204220549887175,0.00045539032371073206,0.0006427163683447525,0.0005461814897955337,0.0005512635036890488,0.000536276353167063
3,1,1,0,0,1.5731995236238026,2.2362642089740348,1.8969306373863355,1.9094586429070224,1.87228426151045,0.0004721608942220928,0.0006712274987479737,0.0005693576837713277,0.0005731083050598985,0.000561978692751261
3,1,1,0,1,1.5731995236238023,2.2362642089740348,1.8969306373863353,1.9094586429070217,1.87228426151045,0.00047216089422198705,0.0006712274987480477,0.0005693576837714027,0.0005731083050599069,0.000561978692750962
3,1,1,0,2,1.5731995236238028,2.2362642089740343,1.8969306373863355,1.9094586429070226,1.8722842615104498,0.0004721608942222163,0.0006712274987478723,0.0005693576837713455,0.0005731083050598997,0.0005619786927515682
3,1,1,0,3,1.5731995236238026,2.2362642089740348,1.8969306373863355,1.909458642907022,1.87228426151045,0.00047216089422207535,0.0006712274987480012,0.0005693576837712348,0.0005731083050598886,0.0005619786927512527
3,1,1,0,4,1.5731995236238026,2.2362642089740348,1.8969306373863355,1.9094586429070224,1.87228426151045,0.0004721608942220928,0.0006712274987479737,0.0005693576837713277,0.0005731083050598985,0.000561978692751261
3,1,1,1,0,1.5502073697818837,2.18695993699186,1.8586738511267125,1.8762333658337083,1.8244417663477144,0.000451611676261209,0.0006371839846415802,0.0005415152464170366,0.0005466307167675263,0.0005315444017107998
3,1,1,1,1,1.5502073697818834,2.1869599369918604,1.8586738511267122,1.8762333658337083,1.8244417663477137,0.0004516116762613403,0.0006371839846415221,0.0005415152464170979,0.0005466307167676389,0.0005315444017107452
3,1,1,1,2,1.5502073697818837,2.186959936991861,1.858673851126713,1.8762333658337083,1.8244417663477148,0.0004516116762611073,0.0006371839846416444,0.0005415152464170101,0.0005466307167674577,0.0005315444017108043
3,1,1,1,3,1.5502073697818837,2.18695993699186,1.8586738511267127,1.8762333658337083,1.8244417663477144,0.00045161167626117947,0.0006371839846415743,0.0005415152464170018,0.0005466307167674819,0.0005315444017108501
3,1,1,1,4,1.5502073697818837,2.18695993699186,1.8586738511267125,1.8762333658337083,1.8244417663477144,0.000451611676261209,0.0006371839846415802,0.0005415152464170366,0.0005466307167675263,0.0005315444017107998
4,0,0,0,0,136170.65429985692,187785.37928341905,160746.64141019384,161817.05630659155,158645.43930460617,0.015401266449861175,0.29768579888643926,0.206010351995542,0.11421635246658957,0.392369689488604
4,0,0,0,1,420.44907906807794,588.2829300302155,501.03807761698533,506.71567352071156,489.98687179395654,0.055720171572997176,0.07762947722175204,0.06615322533576022,0.06704813147876013,0.06442355446383878
4,0,0,0,2,380.946217109137,533.0057089851834,453.9583063715719,459.10833879379004,443.9342737772627,0.06223412830927181,0.08759529452645093,0.07452102070813246,0.07521410916300912,0.07316724427378159
4,0,0,0,3,171.11456778351902,239.52010624339493,203.95834624791985,206.30893051910348,199.3855566211296,0.017523065068489736,0.024660108246746536,0.021000334541477938,0.021141876593877996,0.020723930460642418
4,0,0,0,4,148.6422936348905,208.06816252853392,177.17352251130126,179.21996332305366,173.19268372660065,0.014131694208652127,0.019964968285256613,0.01697741455952154,0.017098041781970278,0.016739050064472814
4,0,0,1,0,5910.684541157269,8160.146294690452,6977.890444321584,7056.81777543974,6824.198063908011,2.5319270162728547,3.5037909786107964,2.9939167356488086,3.028631514591506,2.9263004897055835
4,0,0,1,1,50.82118918997395,70.99034206709226,60.45524519382942,61.25815899008553,58.898844715275146,0.004704079756101772,0.006576791600561636,0.005599784005189745,0.005672412311557966,0.005458874588080258
4,0,0,1,2,46.30275892058327,64.67579231457276,55.0781146363303,55.810916794744,53.65766935064343,0.00364756224580295,0.005087234355586363,0.004333305306803558,0.004394019718165306,0.00421577606721766
4,0,0,1,3,34.093589976862575,47.621968296157554,40.55443176606935,41.09560188450002,39.505534035878505,0.003951842343934423,0.005521985545687993,0.0047021627168651855,0.004764195266667912,0.004581941260257209
4,0,0,1,4,30.95803724747608,43.24085729523266,36.8236680781888,37.31567421679482,35.8700854143231,0.0025592501999660983,0.0035780309535767833,0.0030466307411325297,0.003085866875629217,0.0029704807181569997
4,0,1,0,0,150.37464785002956,210.04083525020582,178.98019286501338,181.04188394810092,174.96683929778882,0.024085338389109538,0.03378760928407385,0.028758213059312195,0.029069703685632834,0.028151884852255428
4,0,1,0,1,58.81404585799363,82.22225358622424,70.0291470069938,70.88039244028015,68.37488133688021,0.00791664415139844,0.011080831761214665,0.009435754881895922,0.009545686515202722,0.00922199161949328
4,0,1,0,2,53.04894974144701,74.16395001941208,63.16409708164863,63.935950063918284,61.664367112790075,0.007746187853620612,0.010848243856275551,0.009236163236084366,0.009342675586729219,0.00902903631295764
4,0,1,0,3,22.908794276384036,32.012318163321325,27.261726884598172,27.614034102189876,26.578270017265552,0.001761894172602311,0.0024593962705089386,0.002094573785297617,0.002123235985560797,0.002039085811178689
4,0,1,0,4,20.552842937951713,28.717945425223625,24.45627378167157,24.77394290204392,23.840094583329083,0.0021622489773274133,0.0030195479700557267,0.002571839675928551,0.002605501981265584,0.0025065485106564728
4,0,1,1,0,26.26856532198946,36.669075561459536,31.232175203324637,31.652345261733135,30.417812074165298,0.0022435477529312866,0.0031316302950976757,0.002667469824680229,0.0027030689971468467,0.0025984321752232525
4,0,1,1,1,21.958931756362684,30.65380047032113,26.108175832288232,26.460528167080426,25.425321689506728,0.004245879351774588,0.005926112082836076,0.005047880080549353,0.005115291162576502,0.004917167783033507
4,0,1,1,2,20.964581463668804,29.265708500467703,24.925835898689193,25.26247608295233,24.273444644665403,0.003154953267803607,0.004404885589804724,0.003751899311935191,0.0038014640999698758,0.0036557830123156864
4,0,1,1,3,14.933638625016922,20.846868837051417,17.75502433668705,17.99584735754214,17.28838116829006,0.0027999422409470706,0.003909632315862081,0.003329716611218461,0.003374322548498698,0.003243276876842769
4,0,1,1,4,13.926453674875038,19.44082879010196,16.557468310365632,16.78220922089453,16.121996628291036,0.0033631072603145192,0.004691774116978417,0.003996688350077965,0.004051106970675835,0.0038912367680005687
4,1,0,0,0,2.2203209349658426,3.099058978192001,2.639385638470692,2.6756229815913946,2.5691961320093686,0.0003455009080878303,0.0004820170035293328,0.000410535241940078,0.0004163051816768653,0.0003993685150999952
4,1,0,0,1,2.2203209349658426,3.0990589781920006,2.639385638470693,2.6756229815913946,2.5691961320093686,0.00034550090808784217,0.00048201700352923545,0.00041053524194003914,0.0004163051816770093,0.00039936851509990266
4,1,0,0,2,2.2203209349658426,3.0990589781920006,2.639385638470692,2.675622981591395,2.5691961320093677,0.00034550090808781403,0.0004820170035294251,0.00041053524194011726,0.0004163051816767794,0.0003993685151000147
4,1,0,0,3,2.2203209349658426,3.099058978192001,2.639385638470692,2.6756229815913946,2.5691961320093677,0.00034550090808783474,0.00048201700352933774,0.00041053524194007774,0.00041630518167680723,0.00039936851510006833
4,1,0,0,4,2.2203209349658426,3.099058978192001,2.639385638470692,2.6756229815913946,2.5691961320093686,0.0003455009080878303,0.0004820170035293328,0.000410535241940078,0.0004163051816768653,0.0003993685150999952
4,1,0,1,0,2.140963025208904,2.9880124612717665,2.5448444147494125,2.5799049012573514,2.4769397441550414,0.00045539032371073206,0.0006357072369770454,0.0005413945413269997,0.0005488189530196916,0.0005270154790531632
4,1,0,1,1,2.140963025208905,2.988012461271766,2.544844414749412,2.5799049012573514,2.476939744155042,0.00045539032371048833,0.0006357072369771034,0.0005413945413272033,0.0005488189530194165,0.0005270154790530827
4,1,0,1,2,2.1409630252089036,2.9880124612717665,2.544844414749413,2.5799049012573514,2.4769397441550405,0.00045539032371093367,0.000635707236977071,0.0005413945413267965,0.0005488189530198737,0.0005270154790533015
4,1,0,1,3,2.1409630252089045,2.988012461271766,2.5448444147494125,2.5799049012573514,2.4769397441550414,0.0004553903237107742,0.0006357072369769616,0.0005413945413269991,0.0005488189530197846,0.0005270154790531052
4,1,0,1,4,2.140963025208904,2.9880124612717665,2.5448444147494125,2.5799049012573514,2.4769397441550414,0.00045539032371073206,0.0006357072369770454,0.0005413945413269997,0.0005488189530196916,0.0005270154790531632
4,1,1,0,0,1.5731995236238026,2.195327508117533,1.8697635723194785,1.8956409761583504,1.8196513660653746,0.0004721608942220928,0.000659152524525482,0.0005613561721051886,0.0005690392357439232,0.0005464748839130278
4,1,1,0,1,1.5731995236238023,2.1953275081175336,1.8697635723194783,1.8956409761583508,1.8196513660653753,0.00047216089422198705,0.0006591525245254839,0.0005613561721053721,0.0005690392357437478,0.0005464748839129954
4,1,1,0,2,1.5731995236238028,2.1953275081175327,1.8697635723194783,1.8956409761583495,1.8196513660653746,0.0004721608942222163,0.0006591525245254332,0.0005613561721049717,0.0005690392357441201,0.0005464748839130445
4,1,1,0,3,1.5731995236238026,2.195327508117533,1.8697635723194783,1.8956409761583504,1.8196513660653746,0.00047216089422207535,0.000659152524525529,0.0005613561721052218,0.0005690392357439019,0.0005464748839130437
4,1,1,0,4,1.5731995236238026,2.195327508117533,1.8697635723194785,1.8956409761583504,1.8196513660653746,0.0004721608942220928,0.000659152524525482,0.0005613561721051886,0.0005690392357439232,0.0005464748839130278
4,1,1,1,0,1.5502073697818837,2.1631872397267613,1.8423955253482642,1.8679203095059058,1.7929673465863871,0.000451611676261209,0.000630247932766985,0.0005367669984467608,0.000544205698154597,0.0005223629131004308
4,1,1,1,1,1.5502073697818834,2.1631872397267617,1.842395525348264,1.8679203095059056,1.7929673465863871,0.0004516116762613403,0.0006302479327669992,0.0005367669984467553,0.000544205698154581,0.0005223629131003583
4,1,1,1,2,1.5502073697818837,2.1631872397267613,1.8423955253482645,1.8679203095059056,1.7929673465863871,0.0004516116762611073,0.0006302479327669779,0.0005367669984466956,0.0005442056981546105,0.0005223629131004562
4,1,1,1,3,1.5502073697818837,2.1631872397267613,1.8423955253482642,1.867920309505906,1.7929673465863873,0.00045161167626117947,0.0006302479327669779,0.0005367669984468313,0.0005442056981545997,0.0005223629131004778
4,1,1,1,4,1.5502073697818837,2.1631872397267613,1.8423955253482642,1.8679203095059058,1.7929673465863871,0.000451611676261209,0.000630247932766985,0.0005367669984467608,0.000544205698154597,0.0005223629131004308
5,0,0,0,0,12630.31452577368,17717.860420835856,15079.71156913933,15240.433296140765,14766.791401523335,0.8584253488079792,1.1824730845620925,1.0127875772216979,1.0269615272792285,0.9900602604265744
5,0,0,0,1,420.44907906807794,588.2829300302155,501.03807761698533,506.71567352071156,489.98687179395654,0.055720171572997176,0.07762947722175204,0.06615322533576022,0.06704813147876013,0.06442355446383878
5,0,0,0,2,380.946217109137,533.0057089851834,453.9583063715719,459.10833879379004,443.9342737772627,0.06223412830927181,0.08759529452645093,0.07452102070813246,0.07521410916300912,0.07316724427378159
5,0,0,0,3,171.11456778351902,239.52010624339493,203.95834624791985,206.30893051910348,199.3855566211296,0.017523065068489736,0.024660108246746536,0.021000334541477938,0.021141876593877996,0.020723930460642418
5,0,0,0,4,148.6422936348905,208.06816252853392,177.17352251130126,179.21996332305366,173.19268372660065,0.014131694208652127,0.019964968285256613,0.01697741455952154,0.017098041781970278,0.016739050064472814
5,0,0,1,0,1234.2133349766996,1722.5707996399394,1467.5802872890763,1486.414667701316,1431.0220741931048,0.11394373128478327,0.15923384277878877,0.13560598466694737,0.13734656320609895,0.13222974500726267
5,0,0,1,1,50.82118918997395,70.99034206709226,60.45524519382942,61.25815899008553,58.898844715275146,0.004704079756101772,0.006576791600561636,0.005599784005189745,0.005672412311557966,0.005458874588080258
5,0,0,1,2,46.30275892058327,64.67579231457276,55.0781146363303,55.810916794744,53.65766935064343,0.00364756224580295,0.005087234355586363,0.004333305306803558,0.004394019718165306,0.00421577606721766
5,0,0,1,3,34.093589976862575,47.621968296157554,40.55443176606935,41.09560188450002,39.505534035878505,0.003951842343934423,0.005521985545687993,0.0047021627168651855,0.004764195266667912,0.004581941260257209
5,0,0,1,4,30.95803724747608,43.24085729523266,36.8236680781888,37.31567421679482,35.8700854143231,0.0025592501999660983,0.0035780309535767833,0.0030466307411325297,0.003085866875629217,0.0029704807181569997
5,0,1,0,0,143.03276813333048,199.8049705023363,170.24776005479356,172.2253983227894,166.39877542395956,0.025517375785871713,0.03579129008514818,0.03046878964334635,0.030785815137398018,0.029851144069383294
5,0,1,0,1,58.81404585799363,82.22225358622424,70.0291470069938,70.88039244028015,68.37488133688021,0.00791664415139844,0.011080831761214665,0.009435754881895922,0.009545686515202722,0.00922199161949328
5,0,1,0,2,53.04894974144701,74.16395001941208,63.16409708164863,63.935950063918284,61.664367112790075,0.007746187853620612,0.010848243856275551,0.009236163236084366,0.009342675586729219,0.00902903631295764
5,0,1,0,3,22.908794276384036,32.012318163321325,27.261726884598172,27.614034102189876,26.578270017265552,0.001761894172602311,0.0024593962705089386,0.002094573785297617,0.002123235985560797,0.002039085811178689
5,0,1,0,4,20.552842937951713,28.717945425223625,24.45627378167157,24.77394290204392,23.840094583329083,0.0021622489773274133,0.0030195479700557267,0.002571839675928551,0.002605501981265584,0.0025065485106564728
5,0,1,1,0,26.26856532198946,36.669075561459536,31.232175203324637,31.652345261733135,30.417812074165298,0.0022435477529312866,0.0031316302950976757,0.002667469824680229,0.0027030689971468467,0.0025984321752232525
5,0,1,1,1,21.958931756362684,30.65380047032113,26.108175832288232,26.460528167080426,25.425321689506728,0.004245879351774588,0.005926112082836076,0.005047880080549353,0.005115291162576502,0.004917167783033507
5,0,1,1,2,20.964581463668804,29.265708500467703,24.925835898689193,25.26247608295233,24.273444644665403,0.003154953267803607,0.004404885589804724,0.003751899311935191,0.0038014640999698758,0.0036557830123156864
5,0,1,1,3,14.933638625016922,20.846868837051417,17.75502433668705,17.99584735754214,17.28838116829006,0.0027999422409470706,0.003909632315862081,0.003329716611218461,0.003374322548498698,0.003243276876842769
5,0,1,1,4,13.926453674875038,19.44082879010196,16.557468310365632,16.78220922089453,16.121996628291036,0.0033631072603145192,0.004691774116978417,0.003996688350077965,0.004051106970675835,0.0038912367680005687
5,1,0,0,0,2.2203209349658426,3.099058978192001,2.639385638470692,2.6756229815913946,2.5691961320093686,0.0003455009080878303,0.0004820170035293328,0.000410535241940078,0.0004163051816768653,0.0003993685150999952
5,1,0,0,1,2.2203209349658426,3.0990589781920006,2.639385638470693,2.6756229815913946,2.5691961320093686,0.00034550090808784217,0.00048201700352923545,0.00041053524194003914,0.0004163051816770093,0.00039936851509990266
5,1,0,0,2,2.2203209349658426,3.0990589781920006,2.639385638470692,2.675622981591395,2.5691961320093677,0.00034550090808781403,0.0004820170035294251,0.00041053524194011726,0.0004163051816767794,0.0003993685151000147
5,1,0,0,3,2.2203209349658426,3.099058978192001,2.639385638470692,2.6756229815913946,2.5691961320093677,0.00034550090808783474,0.00048201700352933774,0.00041053524194007774,0.00041630518167680723,0.00039936851510006833
5,1,0,0,4,2.2203209349658426,3.099058978192001,2.639385638470692,2.6756229815913946,2.5691961320093686,0.0003455009080878303,0.0004820170035293328,0.000410535241940078,0.0004163051816768653,0.0003993685150999952
5,1,0,1,0,2.140963025208904,2.9880124612717665,2.5448444147494125,2.5799049012573514,2.4769397441550414,0.00045539032371073206,0.0006357072369770454,0.0005413945413269997,0.0005488189530196916,0.0005270154790531632
5,1,0,1,1,2.140963025208905,2.988012461271766,2.544844414749412,2.5799049012573514,2.476939744155042,0.00045539032371048833,0.0006357072369771034,0.0005413945413272033,0.0005488189530194165,0.0005270154790530827
5,1,0,1,2,2.1409630252089036,2.9880124612717665,2.544844414749413,2.5799049012573514,2.4769397441550405,0.00045539032371093367,0.000635707236977071,0.0005413945413267965,0.0005488189530198737,0.0005270154790533015
5,1,0,1,3,2.1409630252089045,2.988012461271766,2.5448444147494125,2.5799049012573514,2.4769397441550414,0.0004553903237107742,0.0006357072369769616,0.0005413945413269991,0.0005488189530197846,0.0005270154790531052
5,1,0,1,4,2.140963025208904,2.9880124612717665,2.5448444147494125,2.5799049012573514,2.4769397441550414,0.00045539032371073206,0.0006357072369770454,0.0005413945413269997,0.0005488189530196916,0.0005270154790531632
5,1,1,0,0,1.5731995236238026,2.195327508117533,1.8697635723194785,1.8956409761583504,1.8196513660653746,0.0004721608942220928,0.000659152524525482,0.0005613561721051886,0.0005690392357439232,0.0005464748839130278
5,1,1,0,1,1.5731995236238023,2.1953275081175336,1.8697635723194783,1.8956409761583508,1.8196513660653753,0.00047216089422198705,0.0006591525245254839,0.0005613561721053721,0.0005690392357437478,0.0005464748839129954
5,1,1,0,2,1.5731995236238028,2.1953275081175327,1.8697635723194783,1.8956409761583495,1.8196513660653746,0.0004721608942222163,0.0006591525245254332,0.0005613561721049717,0.0005690392357441201,0.0005464748839130445
5,1,1,0,3,1.5731995236238026,2.195327508117533,1.8697635723194783,1.8956409761583504,1.8196513660653746,0.00047216089422207535,0.000659152524525529,0.0005613561721052218,0.0005690392357439019,0.0005464748839130437
5,1,1,0,4,1.5731995236238026,2.195327508117533,1.8697635723194785,1.8956409761583504,1.8196513660653746,0.0004721608942220928,0.000659152524525482,0.0005613561721051886,0.0005690392357439232,0.0005464748839130278
5,1,1,1,0,1.5502073697818837,2.1631872397267613,1.8423955253482642,1.8679203095059058,1.7929673465863871,0.000451611676261209,0.000630247932766985,0.0005367669984467608,0.000544205698154597,0.0005223629131004308
5,1,1,1,1,1.5502073697818834,2.1631872397267617,1.842395525348264,1.8679203095059056,1.7929673465863871,0.0004516116762613403,0.0006302479327669992,0.0005367669984467553,0.000544205698154581,0.0005223629131003583
5,1,1,1,2,1.5502073697818837,2.1631872397267613,1.8423955253482645,1.8679203095059056,1.7929673465863871,0.0004516116762611073,0.0006302479327669779,0.0005367669984466956,0.0005442056981546105,0.0005223629131004562
5,1,1,1,3,1.5502073697818837,2.1631872397267613,1.8423955253482642,1.867920309505906,1.7929673465863873,0.00045161167626117947,0.0006302479327669779,0.0005367669984468313,0.0005442056981545997,0.0005223629131004778
5,1,1,1,4,1.5502073697818837,2.1631872397267613,1.8423955253482642,1.8679203095059058,1.7929673465863871,0.000451611676261209,0.000630247932766985,0.0005367669984467608,0.000544205698154597,0.0005223629131004308
6,0,0,0,0,27328.965856536757,38058.11393512796,32469.87683934301,32805.59410098646,31815.082617496195,9.838156988667752,13.861293692259522,11.782420377153855,11.893978700052694,11.567805400645597
6,0,0,0,1,420.44907906807794,588.2829300302155,501.03807761698533,506.71567352071156,489.98687179395654,0.055720171572997176,0.07762947722175204,0.06615322533576022,0.06704813147876013,0.06442355446383878
6,0,0,0,2,380.946217109137,533.0057089851834,453.9583063715719,459.10833879379004,443.9342737772627,0.06223412830927181,0.08759529452645093,0.07452102070813246,0.07521410916300912,0.07316724427378159
6,0,0,0,3,171.11456778351902,239.52010624339493,203.95834624791985,206.30893051910348,199.3855566211296,0.017523065068489736,0.024660108246746536,0.021000334541477938,0.021141876593877996,0.020723930460642418
6,0,0,0,4,148.6422936348905,208.06816252853392,177.17352251130126,179.21996332305366,173.19268372660065,0.014131694208652127,0.019964968285256613,0.01697741455952154,0.017098041781970278,0.016739050064472814
6,0,0,1,0,5026.613763426121,6959.611434953338,5945.900525028836,6015.373166314246,5810.710412753808,1.9685438199187564,2.748221132711488,2.341453612127261,2.3707380656362704,2.2844991465443707
6,0,0,1,1,50.82118918997395,70.99034206709226,60.45524519382942,61.25815899008553,58.898844715275146,0.004704079756101772,0.006576791600561636,0.005599784005189745,0.005672412311557966,0.005458874588080258
6,0,0,1,2,46.30275892058327,64.67579231457276,55.0781146363303,55.810916794744,53.65766935064343,0.00364756224580295,0.005087234355586363,0.004333305306803558,0.004394019718165306,0.00421577606721766
6,0,0,1,3,34.093589976862575,47.621968296157554,40.55443176606935,41.09560188450002,39.505534035878505,0.003951842343934423,0.005521985545687993,0.0047021627168651855,0.004764195266667912,0.004581941260257209
6,0,0,1,4,30.95803724747608,43.24085729523266,36.8236680781888,37.31567421679482,35.8700854143231,0.0025592501999660983,0.0035780309535767833,0.0030466307411325297,0.003085866875629217,0.0029704807181569997
6,0,1,0,0,150.37464785002956,210.04083525020582,178.98019286501338,181.04188394810092,174.96683929778882,0.024085338389109538,0.03378760928407385,0.028758213059312195,0.029069703685632834,0.028151884852255428
6,0,1,0,1,58.81404585799363,82.22225358622424,70.0291470069938,70.88039244028015,68.37488133688021,0.00791664415139844,0.011080831761214665,0.009435754881895922,0.009545686515202722,0.00922199161949328
6,0,1,0,2,53.04894974144701,74.16395001941208,63.16409708164863,63.935950063918284,61.664367112790075,0.007746187853620612,0.010848243856275551,0.009236163236084366,0.009342675586729219,0.00902903631295764
6,0,1,0,3,22.908794276384036,32.012318163321325,27.261726884598172,27.614034102189876,26.578270017265552,0.001761894172602311,0.0024593962705089386,0.002094573785297617,0.002123235985560797,0.002039085811178689
6,0,1,0,4,20.552842937951713,28.717945425223625,24.45627378167157,24.77394290204392,23.840094583329083,0.0021622489773274133,0.0030195479700557267,0.002571839675928551,0.002605501981265584,0.0025065485106564728
6,0,1,1,0,26.26856532198946,36.669075561459536,31.232175203324637,31.652345261733135,30.417812074165298,0.0022435477529312866,0.0031316302950976757,0.002667469824680229,0.0027030689971468467,0.0025984321752232525
6,0,1,1,1,21.958931756362684,30.65380047032113,26.108175832288232,26.460528167080426,25.425321689506728,0.004245879351774588,0.005926112082836076,0.005047880080549353,0.005115291162576502,0.004917167783033507
6,0,1,1,2,20.964581463668804,29.265708500467703,24.925835898689193,25.26247608295233,24.273444644665403,0.003154953267803607,0.004404885589804724,0.003751899311935191,0.0038014640999698758,0.0036557830123156864
6,0,1,1,3,14.933638625016922,20.846868837051417,17.75502433668705,17.99584735754214,17.28838116829006,0.0027999422409470706,0.003909632315862081,0.003329716611218461,0.003374322548498698,0.003243276876842769
6,0,1,1,4,13.926453674875038,19.44082879010196,16.557468310365632,16.78220922089453,16.121996628291036,0.0033631072603145192,0.004691774116978417,0.003996688350077965,0.004051106970675835,0.0038912367680005687
6,1,0,0,0,2.2203209349658426,3.099058978192001,2.639385638470692,2.6756229815913946,2.5691961320093686,0.0003455009080878303,0.0004820170035293328,0.000410535241940078,0.0004163051816768653,0.0003993685150999952
6,1,0,0,1,2.2203209349658426,3.0990589781920006,2.639385638470693,2.6756229815913946,2.5691961320093686,0.00034550090808784217,0.00048201700352923545,0.00041053524194003914,0.0004163051816770093,0.00039936851509990266
6,1,0,0,2,2.2203209349658426,3.0990589781920006,2.639385638470692,2.675622981591395,2.5691961320093677,0.00034550090808781403,0.0004820170035294251,0.00041053524194011726,0.0004163051816767794,0.0003993685151000147
6,1,0,0,3,2.2203209349658426,3.099058978192001,2.639385638470692,2.6756229815913946,2.5691961320093677,0.00034550090808783474,0.00048201700352933774,0.00041053524194007774,0.00041630518167680723,0.00039936851510006833
6,1,0,0,4,2.2203209349658426,3.099058978192001,2.639385638470692,2.6756229815913946,2.5691961320093686,0.0003455009080878303,0.0004820170035293328,0.000410535241940078,0.0004163051816768653,0.0003993685150999952
6,1,0,1,0,2.140963025208904,2.9880124612717665,2.5448444147494125,2.5799049012573514,2.4769397441550414,0.00045539032371073206,0.0006357072369770454,0.0005413945413269997,0.0005488189530196916,0.0005270154790531632
6,1,0,1,1,2.140963025208905,2.988012461271766,2.544844414749412,2.5799049012573514,2.476939744155042,0.00045539032371048833,0.0006357072369771034,0.0005413945413272033,0.0005488189530194165,0.0005270154790530827
6,1,0,1,2,2.1409630252089036,2.9880124612717665,2.544844414749413,2.5799049012573514,2.4769397441550405,0.00045539032371093367,0.000635707236977071,0.0005413945413267965,0.0005488189530198737,0.0005270154790533015
6,1,0,1,3,2.1409630252089045,2.988012461271766,2.5448444147494125,2.5799049012573514,2.4769397441550414,0.0004553903237107742,0.0006357072369769616,0.0005413945413269991,0.0005488189530197846,0.0005270154790531052
6,1,0,1,4,2.140963025208904,2.9880124612717665,2.5448444147494125,2.5799049012573514,2.4769397441550414,0.00045539032371073206,0.0006357072369770454,0.0005413945413269997,0.0005488189530196916,0.0005270154790531632
6,1,1,0,0,1.5731995236238026,2.195327508117533,1.8697635723194785,1.8956409761583504,1.8196513660653746,0.0004721608942220928,0.000659152524525482,0.0005613561721051886,0.0005690392357439232,0.0005464748839130278
6,1,1,0,1,1.5731995236238023,2.1953275081175336,1.8697635723194783,1.8956409761583508,1.8196513660653753,0.00047216089422198705,0.0006591525245254839,0.0005613561721053721,0.0005690392357437478,0.0005464748839129954
6,1,1,0,2,1.5731995236238028,2.1953275081175327,1.8697635723194783,1.8956409761583495,1.8196513660653746,0.0004721608942222163,0.0006591525245254332,0.0005613561721049717,0.0005690392357441201,0.0005464748839130445
6,1,1,0,3,1.5731995236238026,2.195327508117533,1.8697635723194783,1.8956409761583504,1.8196513660653746,0.00047216089422207535,0.000659152524525529,0.0005613561721052218,0.0005690392357439019,0.0005464748839130437
6,1,1,0,4,1.5731995236238026,2.195327508117533,1.8697635723194785,1.8956409761583504,1.8196513660653746,0.0004721608942220928,0.000659152524525482,0.0005613561721051886,0.0005690392357439232,0.0005464748839130278
6,1,1,1,0,1.5502073697818837,2.1631872397267613,1.8423955253482642,1.8679203095059058,1.7929673465863871,0.000451611676261209,0.000630247932766985,0.0005367669984467608,0.000544205698154597,0.0005223629131004308
6,1,1,1,1,1.5502073697818834,2.1631872397267617,1.842395525348264,1.8679203095059056,1.7929673465863871,0.0004516116762613403,0.0006302479327669992,0.0005367669984467553,0.000544205698154581,0.0005223629131003583
6,1,1,1,2,1.5502073697818837,2.1631872397267613,1.8423955253482645,1.8679203095059056,1.7929673465863871,0.0004516116762611073,0.0006302479327669779,0.0005367669984466956,0.0005442056981546105,0.0005223629131004562
6,1,1,1,3,1.5502073697818837,2.1631872397267613,1.8423955253482642,1.867920309505906,1.7929673465863873,0.00045161167626117947,0.0006302479327669779,0.0005367669984468313,0.0005442056981545997,0.0005223629131004778
6,1,1,1,4,1.5502073697818837,2.1631872397267613,1.8423955253482642,1.8679203095059058,1.7929673465863871,0.000451611676261209,0.000630247932766985,0.0005367669984467608,0.000544205698154597,0.0005223629131004308
7,0,0,0,0,9467.819058790667,13259.606540737013,11290.188290398406,11416.095486466933,11045.140008160346,2.0056194437315833,2.821814984274737,2.400586310714352,2.421480969435429,2.3610515781025065
7,0,0,0,1,420.44907906807794,588.2829300302155,501.03807761698533,506.71567352071156,489.98687179395654,0.055720171572997176,0.07762947722175204,0.06615322533576022,0.06704813147876013,0.06442355446383878
7,0,0,0,2,380.946217109137,533.0057089851834,453.9583063715719,459.10833879379004,443.9342737772627,0.06223412830927181,0.08759529452645093,0.07452102070813246,0.07521410916300912,0.07316724427378159
7,0,0,0,3,171.11456778351902,239.52010624339493,203.95834624791985,206.30893051910348,199.3855566211296,0.017523065068489736,0.024660108246746536,0.021000334541477938,0.021141876593877996,0.020723930460642418
7,0,0,0,4,148.6422936348905,208.06816252853392,177.17352251130126,179.21996332305366,173.19268372660065,0.014131694208652127,0.019964968285256613,0.01697741455952154,0.017098041781970278,0.016739050064472814
7,0,0,1,0,1234.2133349766996,1722.5707996399394,1467.5802872890763,1486.414667701316,1431.0220741931048,0.11394373128478327,0.15923384277878877,0.13560598466694737,0.13734656320609895,0.13222974500726267
7,0,0,1,1,50.82118918997395,70.99034206709226,60.45524519382942,61.25815899008553,58.898844715275146,0.004704079756101772,0.006576791600561636,0.005599784005189745,0.005672412311557966,0.005458874588080258
7,0,0,1,2,46.30275892058327,64.67579231457276,55.0781146363303,55.810916794744,53.65766935064343,0.00364756224580295,0.005087234355586363,0.004333305306803558,0.004394019718165306,0.00421577606721766
7,0,0,1,3,34.093589976862575,47.621968296157554,40.55443176606935,41.09560188450002,39.505534035878505,0.003951842343934423,0.005521985545687993,0.0047021627168651855,0.004764195266667912,0.004581941260257209
7,0,0,1,4,30.95803724747608,43.24085729523266,36.8236680781888,37.31567421679482,35.8700854143231,0.0025592501999660983,0.0035780309535767833,0.0030466307411325297,0.003085866875629217,0.0029704807181569997
7,0,1,0,0,143.03276813333048,199.8049705023363,170.24776005479356,172.2253983227894,166.39877542395956,0.025517375785871713,0.03579129008514818,0.03046878964334635,0.030785815137398018,0.029851144069383294
7,0,1,0,1,58.81404585799363,82.22225358622424,70.0291470069938,70.88039244028015,68.37488133688021,0.00791664415139844,0.011080831761214665,0.009435754881895922,0.009545686515202722,0.00922199161949328
7,0,1,0,2,53.04894974144701,74.16395001941208,63.16409708164863,63.935950063918284,61.664367112790075,0.007746187853620612,0.010848243856275551,0.009236163236084366,0.009342675586729219,0.00902903631295764
7,0,1,0,3,22.908794276384036,32.012318163321325,27.261726884598172,27.614034102189876,26.578270017265552,0.001761894172602311,0.0024593962705089386,0.002094573785297617,0.002123235985560797,0.002039085811178689
7,0,1,0,4,20.552842937951713,28.717945425223625,24.45627378167157,24.77394290204392,23.840094583329083,0.0021622489773274133,0.0030195479700557267,0.002571839675928551,0.002605501981265584,0.0025065485106564728
7,0,1,1,0,26.26856532198946,36.669075561459536,31.232175203324637,31.652345261733135,30.417812074165298,0.0022435477529312866,0.0031316302950976757,0.002667469824680229,0.0027030689971468467,0.0025984321752232525
7,0,1,1,1,21.958931756362684,30.65380047032113,26.108175832288232,26.460528167080426,25.425321689506728,0.004245879351774588,0.005926112082836076,0.005047880080549353,0.005115291162576502,0.004917167783033507
7,0,1,1,2,20.964581463668804,29.265708500467703,24.925835898689193,25.26247608295233,24.273444644665403,0.003154953267803607,0.004404885589804724,0.003751899311935191,0.0038014640999698758,0.0036557830123156864
7,0,1,1,3,14.933638625016922,20.846868837051417,17.75502433668705,17.99584735754214,17.28838116829006,0.0027999422409470706,0.003909632315862081,0.003329716611218461,0.003374322548498698,0.003243276876842769
7,0,1,1,4,13.926453674875038,19.44082879010196,16.557468310365632,16.78220922089453,16.121996628291036,0.0033631072603145192,0.004691774116978417,0.003996688350077965,0.004051106970675835,0.0038912367680005687
7,1,0,0,0,2.2203209349658426,3.099058978192001,2.639385638470692,2.6756229815913946,2.5691961320093686,0.0003455009080878303,0.0004820170035293328,0.000410535241940078,0.0004163051816768653,0.0003993685150999952
7,1,0,0,1,2.2203209349658426,3.0990589781920006,2.639385638470693,2.6756229815913946,2.5691961320093686,0.00034550090808784217,0.00048201700352923545,0.00041053524194003914,0.0004163051816770093,0.00039936851509990266
7,1,0,0,2,2.2203209349658426,3.0990589781920006,2.639385638470692,2.675622981591395,2.5691961320093677,0.00034550090808781403,0.0004820170035294251,0.00041053524194011726,0.0004163051816767794,0.0003993685151000147
7,1,0,0,3,2.2203209349658426,3.099058978192001,2.639385638470692,2.6756229815913946,2.5691961320093677,0.00034550090808783474,0.00048201700352933774,0.00041053524194007774,0.00041630518167680723,0.00039936851510006833
7,1,0,0,4,2.2203209349658426,3.099058978192001,2.639385638470692,2.6756229815913946,2.5691961320093686,0.0003455009080878303,0.0004820170035293328,0.000410535241940078,0.0004163051816768653,0.0003993685150999952
7,1,0,1,0,2.140963025208904,2.9880124612717665,2.5448444147494125,2.5799049012573514,2.4769397441550414,0.00045539032371073206,0.0006357072369770454,0.0005413945413269997,0.0005488189530196916,0.0005270154790531632
7,1,0,1,1,2.140963025208905,2.988012461271766,2.544844414749412,2.5799049012573514,2.476939744155042,0.00045539032371048833,0.0006357072369771034,0.0005413945413272033,0.0005488189530194165,0.0005270154790530827
7,1,0,1,2,2.1409630252089036,2.9880124612717665,2.544844414749413,2.5799049012573514,2.4769397441550405,0.00045539032371093367,0.000635707236977071,0.0005413945413267965,0.0005488189530198737,0.0005270154790533015
7,1,0,1,3,2.1409630252089045,2.988012461271766,2.5448444147494125,2.5799049012573514,2.4769397441550414,0.0004553903237107742,0.0006357072369769616,0.0005413945413269991,0.0005488189530197846,0.0005270154790531052
7,1,0,1,4,2.140963025208904,2.9880124612717665,2.5448444147494125,2.5799049012573514,2.4769397441550414,0.00045539032371073206,0.0006357072369770454,0.0005413945413269997,0.0005488189530196916,0.0005270154790531632
7,1,1,0,0,1.5731995236238026,2.195327508117533,1.8697635723194785,1.8956409761583504,1.8196513660653746,0.0004721608942220928,0.000659152524525482,0.0005613561721051886,0.0005690392357439232,0.0005464748839130278
7,1,1,0,1,1.5731995236238023,2.1953275081175336,1.8697635723194783,1.8956409761583508,1.8196513660653753,0.00047216089422198705,0.0006591525245254839,0.0005613561721053721,0.0005690392357437478,0.0005464748839129954
7,1,1,0,2,1.5731995236238028,2.1953275081175327,1.8697635723194783,1.8956409761583495,1.8196513660653746,0.0004721608942222163,0.0006591525245254332,0.0005613561721049717,0.0005690392357441201,0.0005464748839130445
7,1,1,0,3,1.5731995236238026,2.195327508117533,1.8697635723194783,1.8956409761583504,1.8196513660653746,0.00047216089422207535,0.000659152524525529,0.0005613561721052218,0.0005690392357439019,0.0005464748839130437
7,1,1,0,4,1.5731995236238026,2.195327508117533,1.8697635723194785,1.8956409761583504,1.8196513660653746,0.0004721608942220928,0.000659152524525482,0.0005613561721051886,0.0005690392357439232,0.0005464748839130278
7,1,1,1,0,1.5502073697818837,2.1631872397267613,1.8423955253482642,1.8679203095059058,1.7929673465863871,0.000451611676261209,0.000630247932766985,0.0005367669984467608,0.000544205698154597,0.0005223629131004308
7,1,1,1,1,1.5502073697818834,2.1631872397267617,1.842395525348264,1.8679203095059056,1.7929673465863871,0.0004516116762613403,0.0006302479327669992,0.0005367669984467553,0.000544205698154581,0.0005223629131003583
7,1,1,1,2,1.5502073697818837,2.1631872397267613,1.8423955253482645,1.8679203095059056,1.7929673465863871,0.0004516116762611073,0.0006302479327669779,0.0005367669984466956,0.0005442056981546105,0.0005223629131004562
7,1,1,1,3,1.5502073697818837,2.1631872397267613,1.8423955253482642,1.867920309505906,1.7929673465863873,0.00045161167626117947,0.0006302479327669779,0.0005367669984468313,0.0005442056981545997,0.0005223629131004778
7,1,1,1,4,1.5502073697818837,2.1631872397267613,1.8423955253482642,1.8679203095059058,1.7929673465863871,0.000451611676261209,0.000630247932766985,0.0005367669984467608,0.000544205698154597,0.0005223629131004308
